"fips","county","state","cases","deaths"
1001,"Autauga","AL",2210,31
1003,"Baldwin","AL",7054,74
1005,"Barbour","AL",1077,9
1007,"Bibb","AL",900,15
1009,"Blount","AL",2204,25
1011,"Bullock","AL",658,17
1013,"Butler","AL",1032,41
1015,"Calhoun","AL",4996,65
1017,"Chambers","AL",1449,47
1019,"Cherokee","AL",819,15
1021,"Chilton","AL",1976,33
1023,"Choctaw","AL",397,12
1025,"Clarke","AL",1414,17
1027,"Clay","AL",793,13
1029,"Cleburne","AL",605,9
1031,"Coffee","AL",1909,11
1033,"Colbert","AL",2357,32
1035,"Conecuh","AL",590,13
1037,"Coosa","AL",234,3
1039,"Covington","AL",1901,30
1041,"Crenshaw","AL",629,30
1043,"Cullman","AL",2947,25
1045,"Dale","AL",1972,52
1047,"Dallas","AL",1942,27
1049,"DeKalb","AL",3768,30
1051,"Elmore","AL",3362,59
1053,"Escambia","AL",1799,31
1055,"Etowah","AL",4704,54
1057,"Fayette","AL",627,15
1059,"Franklin","AL",2197,32
1061,"Geneva","AL",993,7
1063,"Greene","AL",353,17
1065,"Hale","AL",815,30
1067,"Henry","AL",765,6
1069,"Houston","AL",4382,35
1071,"Jackson","AL",2374,19
1073,"Jefferson","AL",24866,388
1075,"Lamar","AL",538,7
1077,"Lauderdale","AL",2820,43
1079,"Lawrence","AL",971,33
1081,"Lee","AL",6770,65
1083,"Limestone","AL",3207,34
1085,"Lowndes","AL",734,29
1087,"Macon","AL",587,21
1089,"Madison","AL",9929,101
1091,"Marengo","AL",1072,24
1093,"Marion","AL",1172,31
1095,"Marshall","AL",4671,53
1097,"Mobile","AL",17487,323
1099,"Monroe","AL",676,10
1101,"Montgomery","AL",10868,211
1103,"Morgan","AL",4664,37
80001,"Out of AL","AL",0,0
1105,"Perry","AL",608,6
1107,"Pickens","AL",958,18
1109,"Pike","AL",1406,14
1111,"Randolph","AL",877,16
1113,"Russell","AL",2004,3
1117,"Shelby","AL",7950,70
1115,"St. Clair","AL",3353,46
1119,"Sumter","AL",489,21
1121,"Talladega","AL",2863,38
1123,"Tallapoosa","AL",1424,87
1125,"Tuscaloosa","AL",10919,145
90001,"Unassigned","AL",0,0
1127,"Walker","AL",3050,95
1129,"Washington","AL",786,12
1131,"Wilcox","AL",580,12
1133,"Winston","AL",1001,13
2013,"Aleutians East","AK",17,0
2016,"Aleutians West","AK",101,0
2020,"Anchorage","AK",8922,51
2050,"Bethel","AK",524,1
2060,"Bristol Bay","AK",0,0
2164,"Bristol Bay plus Lake and Peninsula","AK",115,0
2068,"Denali","AK",32,0
2070,"Dillingham","AK",63,0
2090,"Fairbanks North Star","AK",2394,16
2100,"Haines","AK",14,0
2110,"Juneau","AK",614,3
2122,"Kenai Peninsula","AK",1159,4
2130,"Ketchikan Gateway","AK",92,0
2150,"Kodiak Island","AK",124,0
2158,"Kusilvak","AK",278,0
2170,"Matanuska-Susitna","AK",1632,3
2180,"Nome","AK",142,0
2185,"North Slope","AK",286,0
2188,"Northwest Arctic","AK",273,0
2195,"Petersburg","AK",20,1
2198,"Prince of Wales-Hyder","AK",35,1
2220,"Sitka","AK",83,0
2230,"Skagway","AK",7,0
2240,"Southeast Fairbanks","AK",92,1
90002,"Unassigned","AK",71,0
2261,"Valdez-Cordova","AK",0,0
2275,"Wrangell","AK",19,0
2282,"Yakutat","AK",37,0
2290,"Yukon-Koyukuk","AK",124,2
4001,"Apache","AZ",4042,174
4003,"Cochise","AZ",2256,75
4005,"Coconino","AZ",5470,149
4007,"Gila","AZ",2034,72
4009,"Graham","AZ",1307,31
4011,"Greenlee","AZ",104,2
4012,"La Paz","AZ",630,18
4013,"Maricopa","AZ",161154,3632
4015,"Mohave","AZ",4538,235
4017,"Navajo","AZ",6579,243
80004,"Out of AZ","AZ",0,0
4019,"Pima","AZ",29141,646
4021,"Pinal","AZ",12312,228
4023,"Santa Cruz","AZ",3078,65
90004,"Unassigned","AZ",0,0
4025,"Yavapai","AZ",3102,91
4027,"Yuma","AZ",14071,359
5001,"Arkansas","AR",734,20
5003,"Ashley","AR",580,13
5005,"Baxter","AR",801,11
5007,"Benton","AR",8747,127
5009,"Boone","AR",1114,37
5011,"Bradley","AR",375,8
5013,"Calhoun","AR",60,0
5015,"Carroll","AR",1056,19
5017,"Chicot","AR",1057,23
5019,"Clark","AR",543,6
5021,"Clay","AR",524,15
5023,"Cleburne","AR",506,17
5025,"Cleveland","AR",262,13
5027,"Columbia","AR",764,22
5029,"Conway","AR",360,4
5031,"Craighead","AR",5005,50
5033,"Crawford","AR",2224,30
5035,"Crittenden","AR",2561,53
5037,"Cross","AR",635,22
5039,"Dallas","AR",188,6
5041,"Desha","AR",435,7
5043,"Drew","AR",444,7
5045,"Faulkner","AR",3582,41
5047,"Franklin","AR",585,2
5049,"Fulton","AR",351,10
5051,"Garland","AR",2666,73
5053,"Grant","AR",386,4
5055,"Greene","AR",1714,20
5057,"Hempstead","AR",605,5
5059,"Hot Spring","AR",2302,37
5061,"Howard","AR",628,14
5063,"Independence","AR",1541,60
5065,"Izard","AR",685,2
5067,"Jackson","AR",930,6
5069,"Jefferson","AR",4329,102
5071,"Johnson","AR",1065,9
5073,"Lafayette","AR",207,3
5075,"Lawrence","AR",902,22
5077,"Lee","AR",1115,18
5079,"Lincoln","AR",2339,18
5081,"Little River","AR",491,37
5083,"Logan","AR",617,5
5085,"Lonoke","AR",1898,34
5087,"Madison","AR",450,6
5089,"Marion","AR",183,2
5091,"Miller","AR",1663,22
5093,"Mississippi","AR",2448,69
5095,"Monroe","AR",235,2
5097,"Montgomery","AR",191,8
5099,"Nevada","AR",340,14
5101,"Newton","AR",327,21
5103,"Ouachita","AR",407,9
5105,"Perry","AR",156,2
5107,"Phillips","AR",792,16
5109,"Pike","AR",278,1
5111,"Poinsett","AR",1225,27
5113,"Polk","AR",385,5
5115,"Pope","AR",2858,37
5117,"Prairie","AR",252,5
5119,"Pulaski","AR",12591,222
5121,"Randolph","AR",700,26
5125,"Saline","AR",3110,36
5127,"Scott","AR",235,2
5129,"Searcy","AR",219,1
5131,"Sebastian","AR",5166,103
5133,"Sevier","AR",1436,16
5135,"Sharp","AR",394,10
5123,"St. Francis","AR",1813,10
5137,"Stone","AR",410,22
90005,"Unassigned","AR",1738,0
5139,"Union","AR",1199,52
5141,"Van Buren","AR",217,3
5143,"Washington","AR",11995,155
5145,"White","AR",1677,35
5147,"Woodruff","AR",144,0
5149,"Yell","AR",1372,32
6001,"Alameda","CA",24293,418
6003,"Alpine","CA",18,0
6005,"Amador","CA",361,16
6007,"Butte","CA",3289,57
6009,"Calaveras","CA",287,19
6011,"Colusa","CA",573,6
6013,"Contra Costa","CA",19514,250
6015,"Del Norte","CA",187,2
6017,"El Dorado","CA",1459,4
6019,"Fresno","CA",32414,457
6021,"Glenn","CA",704,3
6023,"Humboldt","CA",570,8
6025,"Imperial","CA",13066,335
6027,"Inyo","CA",249,14
6029,"Kern","CA",34676,425
6031,"Kings","CA",8843,83
6033,"Lake","CA",732,16
6035,"Lassen","CA",808,1
6037,"Los Angeles","CA",311844,7097
6039,"Madera","CA",5114,54
6041,"Marin","CA",7168,131
6043,"Mariposa","CA",81,2
6045,"Mendocino","CA",1089,22
6047,"Merced","CA",9758,153
6049,"Modoc","CA",56,0
6051,"Mono","CA",218,1
6053,"Monterey","CA",11789,94
6055,"Napa","CA",2140,15
6057,"Nevada","CA",689,9
6059,"Orange","CA",64196,1484
6061,"Placer","CA",4537,60
6063,"Plumas","CA",86,0
6065,"Riverside","CA",69934,1325
6067,"Sacramento","CA",26881,510
6069,"San Benito","CA",1462,15
6071,"San Bernardino","CA",65869,1159
6073,"San Diego","CA",59568,901
6075,"San Francisco","CA",12642,146
6077,"San Joaquin","CA",22389,500
6079,"San Luis Obispo","CA",4414,32
6081,"San Mateo","CA",11417,162
6083,"Santa Barbara","CA",10134,132
6085,"Santa Clara","CA",25434,393
6087,"Santa Cruz","CA",3015,25
6089,"Shasta","CA",2316,41
6091,"Sierra","CA",6,0
6093,"Siskiyou","CA",230,0
6095,"Solano","CA",7707,85
6097,"Sonoma","CA",9940,142
6099,"Stanislaus","CA",18960,390
6101,"Sutter","CA",1916,12
6103,"Tehama","CA",990,6
6105,"Trinity","CA",49,0
6107,"Tulare","CA",18414,297
6109,"Tuolumne","CA",308,5
90006,"Unassigned","CA",0,0
6111,"Ventura","CA",15235,155
6113,"Yolo","CA",3353,61
6115,"Yuba","CA",1300,10
8001,"Adams","CO",19216,314
8003,"Alamosa","CO",421,10
8005,"Arapahoe","CO",17300,428
8007,"Archuleta","CO",82,0
8009,"Baca","CO",65,0
8011,"Bent","CO",27,1
8013,"Boulder","CO",7104,107
8014,"Broomfield","CO",1342,48
8015,"Chaffee","CO",470,18
8017,"Cheyenne","CO",18,0
8019,"Clear Creek","CO",115,1
8021,"Conejos","CO",105,1
8023,"Costilla","CO",52,1
8025,"Crowley","CO",253,1
8027,"Custer","CO",50,0
8029,"Delta","CO",289,3
8031,"Denver","CO",24190,511
8033,"Dolores","CO",4,0
8035,"Douglas","CO",5893,99
8037,"Eagle","CO",1657,11
8041,"El Paso","CO",14759,239
8039,"Elbert","CO",331,5
8043,"Fremont","CO",1124,6
8045,"Garfield","CO",1434,5
8047,"Gilpin","CO",50,0
8049,"Grand","CO",209,2
8051,"Gunnison","CO",340,5
8053,"Hinsdale","CO",6,0
8055,"Huerfano","CO",46,3
8057,"Jackson","CO",12,0
8059,"Jefferson","CO",11703,363
8061,"Kiowa","CO",6,0
8063,"Kit Carson","CO",191,7
8067,"La Plata","CO",553,5
8065,"Lake","CO",174,0
8069,"Larimer","CO",5581,65
8071,"Las Animas","CO",139,1
8073,"Lincoln","CO",54,0
8075,"Logan","CO",1564,27
8077,"Mesa","CO",2614,53
8079,"Mineral","CO",21,0
8081,"Moffat","CO",107,1
8083,"Montezuma","CO",308,6
8085,"Montrose","CO",593,16
8087,"Morgan","CO",1046,50
8089,"Otero","CO",240,8
8091,"Ouray","CO",65,2
80008,"Out of CO","CO",0,0
8093,"Park","CO",136,3
8095,"Phillips","CO",89,3
8097,"Pitkin","CO",339,2
8099,"Prowers","CO",295,12
8101,"Pueblo","CO",3445,78
8103,"Rio Blanco","CO",46,0
8105,"Rio Grande","CO",150,4
8107,"Routt","CO",285,9
8109,"Saguache","CO",170,2
8111,"San Juan","CO",15,0
8113,"San Miguel","CO",122,0
8115,"Sedgwick","CO",63,2
8117,"Summit","CO",963,3
8119,"Teller","CO",329,4
90008,"Unassigned","CO",21,0
8121,"Washington","CO",140,4
8123,"Weld","CO",8049,173
8125,"Yuma","CO",259,1
9001,"Fairfield","CT",25365,1442
9003,"Hartford","CT",19043,1491
9005,"Litchfield","CT",2430,145
9007,"Middlesex","CT",2129,197
9009,"New Haven","CT",18244,1130
9011,"New London","CT",4041,143
9013,"Tolland","CT",1849,68
90009,"Unassigned","CT",185,0
9015,"Windham","CT",1557,19
10001,"Kent","DE",3629,123
10003,"New Castle","DE",13451,373
10005,"Sussex","DE",8255,248
90010,"Unassigned","DE",91,0
88888,"",NA,49,0
11001,"District of Columbia","DC",17524,647
12001,"Alachua","FL",10842,78
12003,"Baker","FL",1819,24
12005,"Bay","FL",6979,135
12007,"Bradford","FL",1246,15
12009,"Brevard","FL",12034,378
12011,"Broward","FL",87959,1532
12013,"Calhoun","FL",734,14
12015,"Charlotte","FL",3811,161
12017,"Citrus","FL",3344,136
12019,"Clay","FL",6291,127
12021,"Collier","FL",14839,256
12023,"Columbia","FL",4327,79
12027,"DeSoto","FL",1694,29
12029,"Dixie","FL",914,11
12031,"Duval","FL",35956,531
12033,"Escambia","FL",13804,273
12035,"Flagler","FL",2205,41
12037,"Franklin","FL",786,4
12039,"Gadsden","FL",3075,56
12041,"Gilchrist","FL",616,19
12043,"Glades","FL",614,6
12045,"Gulf","FL",960,15
12047,"Hamilton","FL",913,10
12049,"Hardee","FL",1630,17
12051,"Hendry","FL",2262,44
12053,"Hernando","FL",3846,177
12055,"Highlands","FL",2758,119
12057,"Hillsborough","FL",49150,822
12059,"Holmes","FL",946,13
12061,"Indian River","FL",3980,125
12063,"Jackson","FL",3202,83
12065,"Jefferson","FL",683,11
12067,"Lafayette","FL",1283,16
12069,"Lake","FL",8851,228
12071,"Lee","FL",23980,523
12073,"Leon","FL",12551,118
12075,"Levy","FL",1167,12
12077,"Liberty","FL",542,11
12079,"Madison","FL",1086,25
12081,"Manatee","FL",13753,330
12083,"Marion","FL",11048,351
12085,"Martin","FL",5455,170
12086,"Miami-Dade","FL",188636,3675
12087,"Monroe","FL",2401,25
12089,"Nassau","FL",2517,52
12091,"Okaloosa","FL",6657,130
12093,"Okeechobee","FL",1769,41
12095,"Orange","FL",47346,561
12097,"Osceola","FL",14564,212
12099,"Palm Beach","FL",53511,1599
12101,"Pasco","FL",11242,244
12103,"Pinellas","FL",26477,828
12105,"Polk","FL",23525,633
12107,"Putnam","FL",2426,50
12113,"Santa Rosa","FL",6073,88
12115,"Sarasota","FL",10024,345
12117,"Seminole","FL",10576,245
12109,"St. Johns","FL",6782,85
12111,"St. Lucie","FL",9265,336
12119,"Sumter","FL",2991,86
12121,"Suwannee","FL",3034,78
12123,"Taylor","FL",1508,18
90012,"Unassigned","FL",1899,0
12125,"Union","FL",1159,45
12127,"Volusia","FL",13186,324
12129,"Wakulla","FL",1350,11
12131,"Walton","FL",2586,30
12133,"Washington","FL",1261,24
13001,"Appling","GA",1265,38
13003,"Atkinson","GA",543,7
13005,"Bacon","GA",712,18
13007,"Baker","GA",108,6
13009,"Baldwin","GA",2435,66
13011,"Banks","GA",597,9
13013,"Barrow","GA",2864,52
13015,"Bartow","GA",4074,100
13017,"Ben Hill","GA",940,37
13019,"Berrien","GA",599,24
13021,"Bibb","GA",6914,212
13023,"Bleckley","GA",645,28
13025,"Brantley","GA",685,14
13027,"Brooks","GA",601,29
13029,"Bryan","GA",1349,17
13031,"Bulloch","GA",3520,46
13033,"Burke","GA",1097,14
13035,"Butts","GA",882,45
13037,"Calhoun","GA",295,10
13039,"Camden","GA",1505,20
13043,"Candler","GA",578,27
13045,"Carroll","GA",4347,85
13047,"Catoosa","GA",1539,23
13049,"Charlton","GA",731,15
13051,"Chatham","GA",9686,193
13053,"Chattahoochee","GA",1836,2
13055,"Chattooga","GA",1039,31
13057,"Cherokee","GA",8093,105
13059,"Clarke","GA",6950,50
13061,"Clay","GA",132,3
13063,"Clayton","GA",9016,184
13065,"Clinch","GA",501,13
13067,"Cobb","GA",24621,475
13069,"Coffee","GA",2557,67
13071,"Colquitt","GA",2475,45
13073,"Columbia","GA",5110,69
13075,"Cook","GA",682,17
13077,"Coweta","GA",4060,67
13079,"Crawford","GA",216,6
13081,"Crisp","GA",847,28
13083,"Dade","GA",391,6
13085,"Dawson","GA",959,11
13089,"DeKalb","GA",22822,422
13087,"Decatur","GA",1447,39
13091,"Dodge","GA",952,29
13093,"Dooly","GA",432,19
13095,"Dougherty","GA",3503,195
13097,"Douglas","GA",4639,78
13099,"Early","GA",601,35
13101,"Echols","GA",258,2
13103,"Effingham","GA",1905,30
13105,"Elbert","GA",878,15
13107,"Emanuel","GA",1326,40
13109,"Evans","GA",523,12
13111,"Fannin","GA",866,34
13113,"Fayette","GA",2565,58
13115,"Floyd","GA",4408,62
13117,"Forsyth","GA",5329,54
13119,"Franklin","GA",1000,19
13121,"Fulton","GA",33878,656
13123,"Gilmer","GA",1115,26
13125,"Glascock","GA",63,2
13127,"Glynn","GA",3886,112
13129,"Gordon","GA",2689,49
13131,"Grady","GA",926,28
13133,"Greene","GA",649,27
13135,"Gwinnett","GA",33465,472
13137,"Habersham","GA",1932,80
13139,"Hall","GA",11088,188
13141,"Hancock","GA",428,45
13143,"Haralson","GA",874,13
13145,"Harris","GA",898,25
13147,"Hart","GA",629,22
13149,"Heard","GA",294,6
13151,"Henry","GA",7068,121
13153,"Houston","GA",4087,97
13155,"Irwin","GA",380,8
13157,"Jackson","GA",2641,46
13159,"Jasper","GA",374,6
13161,"Jeff Davis","GA",916,29
13163,"Jefferson","GA",891,35
13165,"Jenkins","GA",483,32
13167,"Johnson","GA",495,25
13169,"Jones","GA",694,17
13171,"Lamar","GA",535,22
13173,"Lanier","GA",361,10
13175,"Laurens","GA",2372,97
13177,"Lee","GA",839,31
13179,"Liberty","GA",1317,25
13181,"Lincoln","GA",260,8
13183,"Long","GA",298,4
13185,"Lowndes","GA",5345,118
13187,"Lumpkin","GA",1087,18
13193,"Macon","GA",291,11
13195,"Madison","GA",912,16
13197,"Marion","GA",230,9
13189,"McDuffie","GA",805,16
13191,"McIntosh","GA",330,9
13199,"Meriwether","GA",710,16
13201,"Miller","GA",361,3
13205,"Mitchell","GA",906,47
13207,"Monroe","GA",889,56
13209,"Montgomery","GA",403,9
13211,"Morgan","GA",706,7
13213,"Murray","GA",1137,10
13215,"Muscogee","GA",6616,179
13217,"Newton","GA",3226,98
13219,"Oconee","GA",1152,31
13221,"Oglethorpe","GA",475,14
80013,"Out of GA","GA",15995,219
13223,"Paulding","GA",3839,64
13225,"Peach","GA",898,26
13227,"Pickens","GA",876,11
13229,"Pierce","GA",1119,26
13231,"Pike","GA",628,15
13233,"Polk","GA",1933,29
13235,"Pulaski","GA",404,23
13237,"Putnam","GA",895,27
13239,"Quitman","GA",58,1
13241,"Rabun","GA",442,11
13243,"Randolph","GA",358,30
13245,"Richmond","GA",8603,199
13247,"Rockdale","GA",2316,43
13249,"Schley","GA",145,2
13251,"Screven","GA",487,12
13253,"Seminole","GA",424,11
13255,"Spalding","GA",1941,69
13257,"Stephens","GA",1314,42
13259,"Stewart","GA",615,17
13261,"Sumter","GA",1152,70
13263,"Talbot","GA",201,8
13265,"Taliaferro","GA",33,0
13267,"Tattnall","GA",1014,20
13269,"Taylor","GA",299,12
13271,"Telfair","GA",611,27
13273,"Terrell","GA",380,33
13275,"Thomas","GA",1757,75
13277,"Tift","GA",2140,72
13279,"Toombs","GA",1579,62
13281,"Towns","GA",468,13
13283,"Treutlen","GA",356,12
13285,"Troup","GA",3524,112
13287,"Turner","GA",385,25
13289,"Twiggs","GA",232,10
90013,"Unassigned","GA",931,7
13291,"Union","GA",2362,29
13293,"Upson","GA",1307,77
13295,"Walker","GA",1996,47
13297,"Walton","GA",2710,73
13299,"Ware","GA",2382,72
13301,"Warren","GA",192,8
13303,"Washington","GA",882,18
13305,"Wayne","GA",1417,35
13307,"Webster","GA",55,2
13309,"Wheeler","GA",415,19
13311,"White","GA",1043,25
13313,"Whitfield","GA",5814,64
13315,"Wilcox","GA",325,27
13317,"Wilkes","GA",349,7
13319,"Wilkinson","GA",391,17
13321,"Worth","GA",678,36
99999,"",NA,103,3
66,"",NA,4812,80
15001,"Hawaii","HI",1311,31
15003,"Honolulu","HI",13321,170
15007,"Kauai","HI",67,0
15009,"Maui","HI",530,17
80015,"Out of HI","HI",89,1
90015,"Unassigned","HI",0,0
16001,"Ada","ID",17828,184
16003,"Adams","ID",71,2
16005,"Bannock","ID",2834,14
16007,"Bear Lake","ID",81,1
16009,"Benewah","ID",190,3
16011,"Bingham","ID",1717,24
16013,"Blaine","ID",930,7
16015,"Boise","ID",90,2
16017,"Bonner","ID",541,2
16019,"Bonneville","ID",4890,39
16021,"Boundary","ID",219,1
16023,"Butte","ID",105,0
16025,"Camas","ID",45,0
16027,"Canyon","ID",10603,114
16029,"Caribou","ID",313,4
16031,"Cassia","ID",1520,9
16033,"Clark","ID",40,0
16035,"Clearwater","ID",167,0
16037,"Custer","ID",100,1
16039,"Elmore","ID",596,4
16041,"Franklin","ID",395,2
16043,"Fremont","ID",524,5
16045,"Gem","ID",463,6
16047,"Gooding","ID",669,9
16049,"Idaho","ID",428,1
16051,"Jefferson","ID",1055,4
16053,"Jerome","ID",1254,9
16055,"Kootenai","ID",4662,53
16057,"Latah","ID",1040,1
16059,"Lemhi","ID",313,1
16061,"Lewis","ID",97,3
16063,"Lincoln","ID",247,5
16065,"Madison","ID",2811,5
16067,"Minidoka","ID",1283,9
16069,"Nez Perce","ID",1073,24
16071,"Oneida","ID",70,0
16073,"Owyhee","ID",411,5
16075,"Payette","ID",1181,11
16077,"Power","ID",386,2
16079,"Shoshone","ID",296,20
16081,"Teton","ID",308,2
16083,"Twin Falls","ID",4546,50
90016,"Unassigned","ID",1,0
16085,"Valley","ID",136,1
16087,"Washington","ID",495,8
17001,"Adams","IL",2346,26
17003,"Alexander","IL",156,2
17005,"Bond","IL",566,9
17007,"Boone","IL",2232,26
17009,"Brown","IL",133,0
17011,"Bureau","IL",1055,19
17013,"Calhoun","IL",86,0
17015,"Carroll","IL",559,14
17017,"Cass","IL",478,11
17019,"Champaign","IL",6999,29
17021,"Christian","IL",942,31
17023,"Clark","IL",338,18
17025,"Clay","IL",363,15
17027,"Clinton","IL",1966,32
17029,"Coles","IL",2229,42
17031,"Cook","IL",198184,5517
17033,"Crawford","IL",689,6
17035,"Cumberland","IL",330,6
17039,"De Witt","IL",312,6
17037,"DeKalb","IL",2895,43
17041,"Douglas","IL",853,9
17043,"DuPage","IL",26512,626
17045,"Edgar","IL",185,11
17047,"Edwards","IL",119,0
17049,"Effingham","IL",1385,5
17051,"Fayette","IL",762,24
17053,"Ford","IL",228,16
17055,"Franklin","IL",1141,11
17057,"Fulton","IL",691,2
17059,"Gallatin","IL",122,2
17061,"Greene","IL",356,17
17063,"Grundy","IL",1175,8
17065,"Hamilton","IL",155,2
17067,"Hancock","IL",395,4
17069,"Hardin","IL",61,0
17071,"Henderson","IL",145,0
17073,"Henry","IL",914,9
17075,"Iroquois","IL",625,20
17077,"Jackson","IL",1698,26
17079,"Jasper","IL",301,10
17081,"Jefferson","IL",1036,52
17083,"Jersey","IL",517,21
17085,"Jo Daviess","IL",604,9
17087,"Johnson","IL",417,0
17089,"Kane","IL",19337,360
17091,"Kankakee","IL",3997,81
17093,"Kendall","IL",3228,30
17095,"Knox","IL",1509,22
17099,"LaSalle","IL",2937,70
17097,"Lake","IL",23177,524
17101,"Lawrence","IL",385,8
17103,"Lee","IL",973,4
17105,"Livingston","IL",803,12
17107,"Logan","IL",705,4
17115,"Macon","IL",3861,64
17117,"Macoupin","IL",893,11
17119,"Madison","IL",7980,163
17121,"Marion","IL",1238,25
17123,"Marshall","IL",181,4
17125,"Mason","IL",372,12
17127,"Massac","IL",181,2
17109,"McDonough","IL",858,21
17111,"McHenry","IL",7616,120
17113,"McLean","IL",4570,38
17129,"Menard","IL",196,1
17131,"Mercer","IL",362,7
17133,"Monroe","IL",1096,34
17135,"Montgomery","IL",706,17
17137,"Morgan","IL",1099,26
17139,"Moultrie","IL",526,6
17141,"Ogle","IL",1523,8
80017,"Out of IL","IL",1,0
17143,"Peoria","IL",5217,85
17145,"Perry","IL",534,16
17147,"Piatt","IL",302,3
17149,"Pike","IL",470,8
17151,"Pope","IL",47,1
17153,"Pulaski","IL",255,1
17155,"Putnam","IL",115,0
17157,"Randolph","IL",1445,15
17159,"Richland","IL",360,18
17161,"Rock Island","IL",4684,95
17165,"Saline","IL",673,11
17167,"Sangamon","IL",4883,66
17169,"Schuyler","IL",106,1
17171,"Scott","IL",121,0
17173,"Shelby","IL",784,14
17163,"St. Clair","IL",8552,228
17175,"Stark","IL",99,3
17177,"Stephenson","IL",1346,10
17179,"Tazewell","IL",3144,60
90017,"Unassigned","IL",6300,283
17181,"Union","IL",835,25
17183,"Vermilion","IL",2036,12
17185,"Wabash","IL",265,6
17187,"Warren","IL",587,10
17189,"Washington","IL",362,2
17191,"Wayne","IL",550,18
17193,"White","IL",304,5
17195,"Whiteside","IL",1892,32
17197,"Will","IL",21419,448
17199,"Williamson","IL",2153,63
17201,"Winnebago","IL",12043,195
17203,"Woodford","IL",817,17
18001,"Adams","IN",744,11
18003,"Allen","IN",9919,244
18005,"Bartholomew","IN",1656,69
18007,"Benton","IN",127,1
18009,"Blackford","IN",290,6
18011,"Boone","IN",1458,56
18013,"Brown","IN",166,3
18015,"Carroll","IN",408,13
18017,"Cass","IN",2423,40
18019,"Clark","IN",3380,69
18021,"Clay","IN",573,13
18023,"Clinton","IN",1101,16
18025,"Crawford","IN",181,1
18027,"Daviess","IN",1044,36
18033,"DeKalb","IN",958,17
18029,"Dearborn","IN",1187,31
18031,"Decatur","IN",643,39
18035,"Delaware","IN",3458,91
18037,"Dubois","IN",1675,28
18039,"Elkhart","IN",10739,161
18041,"Fayette","IN",971,27
18043,"Floyd","IN",2076,79
18045,"Fountain","IN",424,3
18047,"Franklin","IN",417,26
18049,"Fulton","IN",452,12
18051,"Gibson","IN",1066,14
18053,"Grant","IN",1517,44
18055,"Greene","IN",654,40
18057,"Hamilton","IN",7283,140
18059,"Hancock","IN",1409,45
18061,"Harrison","IN",913,26
18063,"Hendricks","IN",3756,146
18065,"Henry","IN",1576,31
18067,"Howard","IN",1869,73
18069,"Huntington","IN",577,6
18071,"Jackson","IN",1350,21
18073,"Jasper","IN",860,5
18075,"Jay","IN",451,7
18077,"Jefferson","IN",479,6
18079,"Jennings","IN",467,13
18081,"Johnson","IN",3709,163
18083,"Knox","IN",991,17
18085,"Kosciusko","IN",2497,32
18087,"LaGrange","IN",915,18
18091,"LaPorte","IN",2745,71
18089,"Lake","IN",16748,422
18093,"Lawrence","IN",1123,44
18095,"Madison","IN",2926,110
18097,"Marion","IN",28276,846
18099,"Marshall","IN",1723,34
18101,"Martin","IN",217,0
18103,"Miami","IN",809,5
18105,"Monroe","IN",3618,42
18107,"Montgomery","IN",765,23
18109,"Morgan","IN",1147,42
18111,"Newton","IN",294,13
18113,"Noble","IN",1419,36
18115,"Ohio","IN",155,9
18117,"Orange","IN",464,25
18119,"Owen","IN",270,2
18121,"Parke","IN",293,5
18123,"Perry","IN",534,16
18125,"Pike","IN",393,20
18127,"Porter","IN",4311,68
18129,"Posey","IN",877,12
18131,"Pulaski","IN",212,7
18133,"Putnam","IN",858,18
18135,"Randolph","IN",543,14
18137,"Ripley","IN",588,9
18139,"Rush","IN",315,5
18143,"Scott","IN",617,16
18145,"Shelby","IN",1053,42
18147,"Spencer","IN",480,6
18141,"St. Joseph","IN",10922,206
18149,"Starke","IN",558,12
18151,"Steuben","IN",776,10
18153,"Sullivan","IN",503,16
18155,"Switzerland","IN",114,0
18157,"Tippecanoe","IN",4688,17
18159,"Tipton","IN",313,26
90018,"Unassigned","IN",0,102
18161,"Union","IN",137,0
18163,"Vanderburgh","IN",6844,98
18165,"Vermillion","IN",318,3
18167,"Vigo","IN",3201,68
18169,"Wabash","IN",630,13
18171,"Warren","IN",123,2
18173,"Warrick","IN",2255,71
18175,"Washington","IN",438,3
18177,"Wayne","IN",1784,38
18179,"Wells","IN",573,17
18181,"White","IN",711,16
18183,"Whitley","IN",596,11
19001,"Adair","IA",250,1
19003,"Adams","IA",91,1
19005,"Allamakee","IA",449,9
19007,"Appanoose","IA",297,3
19009,"Audubon","IA",206,1
19011,"Benton","IA",756,5
19013,"Black Hawk","IA",6652,106
19015,"Boone","IA",816,10
19017,"Bremer","IA",852,9
19019,"Buchanan","IA",576,5
19021,"Buena Vista","IA",2374,12
19023,"Butler","IA",466,3
19025,"Calhoun","IA",376,5
19027,"Carroll","IA",1292,13
19029,"Cass","IA",511,6
19031,"Cedar","IA",560,8
19033,"Cerro Gordo","IA",1681,27
19035,"Cherokee","IA",465,3
19037,"Chickasaw","IA",415,1
19039,"Clarke","IA",374,3
19041,"Clay","IA",608,4
19043,"Clayton","IA",612,3
19045,"Clinton","IA",1701,29
19047,"Crawford","IA",1437,15
19049,"Dallas","IA",3828,49
19051,"Davis","IA",222,4
19053,"Decatur","IA",186,0
19055,"Delaware","IA",924,16
19057,"Des Moines","IA",1652,12
19059,"Dickinson","IA",854,9
19061,"Dubuque","IA",6026,63
19063,"Emmet","IA",478,21
19065,"Fayette","IA",486,6
19067,"Floyd","IA",502,11
19069,"Franklin","IA",418,18
19071,"Fremont","IA",230,2
19073,"Greene","IA",218,0
19075,"Grundy","IA",390,6
19077,"Guthrie","IA",453,15
19079,"Hamilton","IA",519,5
19081,"Hancock","IA",436,6
19083,"Hardin","IA",584,7
19085,"Harrison","IA",754,18
19087,"Henry","IA",1198,6
19089,"Howard","IA",299,9
19091,"Humboldt","IA",415,3
19093,"Ida","IA",261,2
19095,"Iowa","IA",505,12
19097,"Jackson","IA",808,4
19099,"Jasper","IA",1351,34
19101,"Jefferson","IA",294,1
19103,"Johnson","IA",6368,33
19105,"Jones","IA",645,4
19107,"Keokuk","IA",231,1
19109,"Kossuth","IA",536,0
19111,"Lee","IA",1122,13
19113,"Linn","IA",7041,137
19115,"Louisa","IA",565,15
19117,"Lucas","IA",226,6
19119,"Lyon","IA",607,8
19121,"Madison","IA",405,3
19123,"Mahaska","IA",805,25
19125,"Marion","IA",1179,12
19127,"Marshall","IA",2318,37
19129,"Mills","IA",491,3
19131,"Mitchell","IA",331,2
19133,"Monona","IA",278,2
19135,"Monroe","IA",281,12
19137,"Montgomery","IA",216,7
19139,"Muscatine","IA",1649,58
19141,"O'Brien","IA",837,15
19143,"Osceola","IA",322,0
19145,"Page","IA",461,0
19147,"Palo Alto","IA",358,2
19149,"Plymouth","IA",1869,31
19151,"Pocahontas","IA",284,2
19153,"Polk","IA",21034,294
19155,"Pottawattamie","IA",3611,47
19157,"Poweshiek","IA",546,11
19159,"Ringgold","IA",110,2
19161,"Sac","IA",456,5
19163,"Scott","IA",5415,50
19165,"Shelby","IA",441,2
19167,"Sioux","IA",2701,19
19169,"Story","IA",4351,18
19171,"Tama","IA",1081,38
19173,"Taylor","IA",278,2
90019,"Unassigned","IA",66,0
19175,"Union","IA",299,6
19177,"Van Buren","IA",209,2
19179,"Wapello","IA",1680,64
19181,"Warren","IA",1462,8
19183,"Washington","IA",769,12
19185,"Wayne","IA",194,4
19187,"Webster","IA",2113,16
19189,"Winnebago","IA",561,20
19191,"Winneshiek","IA",557,9
19193,"Woodbury","IA",7858,101
19195,"Worth","IA",171,0
19197,"Wright","IA",830,1
20001,"Allen","KS",143,1
20003,"Anderson","KS",241,0
20005,"Atchison","KS",537,6
20007,"Barber","KS",90,0
20009,"Barton","KS",860,7
20011,"Bourbon","KS",328,3
20013,"Brown","KS",305,6
20015,"Butler","KS",1720,3
20017,"Chase","KS",112,3
20019,"Chautauqua","KS",32,0
20021,"Cherokee","KS",753,7
20023,"Cheyenne","KS",153,6
20025,"Clark","KS",77,4
20027,"Clay","KS",143,3
20029,"Cloud","KS",223,1
20031,"Coffey","KS",193,9
20033,"Comanche","KS",23,0
20035,"Cowley","KS",638,10
20037,"Crawford","KS",1605,14
20039,"Decatur","KS",152,1
20041,"Dickinson","KS",412,5
20043,"Doniphan","KS",235,1
20045,"Douglas","KS",3054,19
20047,"Edwards","KS",87,0
20049,"Elk","KS",17,0
20051,"Ellis","KS",1508,18
20053,"Ellsworth","KS",411,1
20055,"Finney","KS",3233,20
20057,"Ford","KS",3635,13
20059,"Franklin","KS",641,5
20061,"Geary","KS",612,4
20063,"Gove","KS",219,16
20065,"Graham","KS",66,1
20067,"Grant","KS",486,8
20069,"Gray","KS",231,2
20071,"Greeley","KS",51,0
20073,"Greenwood","KS",108,0
20075,"Hamilton","KS",73,0
20077,"Harper","KS",177,3
20079,"Harvey","KS",832,8
20081,"Haskell","KS",181,1
20083,"Hodgeman","KS",60,0
20085,"Jackson","KS",371,4
20087,"Jefferson","KS",332,6
20089,"Jewell","KS",31,1
20091,"Johnson","KS",17039,219
20093,"Kearny","KS",169,6
20095,"Kingman","KS",165,3
20097,"Kiowa","KS",73,0
20099,"Labette","KS",443,8
20101,"Lane","KS",36,0
20103,"Leavenworth","KS",2779,20
20105,"Lincoln","KS",24,1
20107,"Linn","KS",151,1
20109,"Logan","KS",142,0
20111,"Lyon","KS",1442,41
20115,"Marion","KS",210,1
20117,"Marshall","KS",113,0
20113,"McPherson","KS",539,7
20119,"Meade","KS",179,1
20121,"Miami","KS",620,2
20123,"Mitchell","KS",69,0
20125,"Montgomery","KS",751,6
20127,"Morris","KS",82,0
20129,"Morton","KS",66,2
20131,"Nemaha","KS",440,4
20133,"Neosho","KS",319,0
20135,"Ness","KS",159,9
20137,"Norton","KS",708,18
20139,"Osage","KS",190,4
20141,"Osborne","KS",44,0
20143,"Ottawa","KS",130,0
20145,"Pawnee","KS",443,1
20147,"Phillips","KS",240,9
20149,"Pottawatomie","KS",434,0
20151,"Pratt","KS",205,0
20153,"Rawlins","KS",126,0
20155,"Reno","KS",2545,18
20157,"Republic","KS",107,1
20159,"Rice","KS",179,1
20161,"Riley","KS",2263,11
20163,"Rooks","KS",173,7
20165,"Rush","KS",114,0
20167,"Russell","KS",228,5
20169,"Saline","KS",1243,13
20171,"Scott","KS",182,1
20173,"Sedgwick","KS",14694,133
20175,"Seward","KS",2239,13
20177,"Shawnee","KS",4103,85
20179,"Sheridan","KS",219,0
20181,"Sherman","KS",263,6
20183,"Smith","KS",45,0
20185,"Stafford","KS",103,1
20187,"Stanton","KS",108,2
20189,"Stevens","KS",238,1
20191,"Sumner","KS",378,4
20193,"Thomas","KS",375,2
20195,"Trego","KS",117,3
90020,"Unassigned","KS",0,0
20197,"Wabaunsee","KS",113,1
20199,"Wallace","KS",87,0
20201,"Washington","KS",71,0
20203,"Wichita","KS",64,0
20205,"Wilson","KS",133,3
20207,"Woodson","KS",38,0
20209,"Wyandotte","KS",8943,165
21001,"Adair","KY",525,22
21003,"Allen","KY",576,11
21005,"Anderson","KY",287,1
21007,"Ballard","KY",86,1
21009,"Barren","KY",1381,13
21011,"Bath","KY",145,1
21013,"Bell","KY",845,17
21015,"Boone","KY",2417,25
21017,"Bourbon","KY",340,1
21019,"Boyd","KY",767,22
21021,"Boyle","KY",501,0
21023,"Bracken","KY",75,1
21025,"Breathitt","KY",161,1
21027,"Breckinridge","KY",240,2
21029,"Bullitt","KY",1678,15
21031,"Butler","KY",441,16
21033,"Caldwell","KY",323,0
21035,"Calloway","KY",1097,10
21037,"Campbell","KY",1476,16
21039,"Carlisle","KY",112,1
21041,"Carroll","KY",236,5
21043,"Carter","KY",410,4
21045,"Casey","KY",329,16
21047,"Christian","KY",2051,29
21049,"Clark","KY",580,12
21051,"Clay","KY",649,6
21053,"Clinton","KY",256,3
21055,"Crittenden","KY",176,1
21057,"Cumberland","KY",155,0
21059,"Daviess","KY",2164,32
21061,"Edmonson","KY",192,12
21063,"Elliott","KY",342,0
21065,"Estill","KY",313,0
21067,"Fayette","KY",11616,93
21069,"Fleming","KY",206,0
21071,"Floyd","KY",520,4
21073,"Franklin","KY",926,14
21075,"Fulton","KY",240,3
21077,"Gallatin","KY",133,8
21079,"Garrard","KY",372,4
21081,"Grant","KY",299,6
21083,"Graves","KY",970,30
21085,"Grayson","KY",570,16
21087,"Green","KY",346,8
21089,"Greenup","KY",701,12
21091,"Hancock","KY",169,3
21093,"Hardin","KY",2368,15
21095,"Harlan","KY",646,14
21097,"Harrison","KY",293,1
21099,"Hart","KY",502,1
21101,"Henderson","KY",1431,29
21103,"Henry","KY",324,2
21105,"Hickman","KY",126,1
21107,"Hopkins","KY",1157,43
21109,"Jackson","KY",520,17
21111,"Jefferson","KY",24490,373
21113,"Jessamine","KY",1083,15
21115,"Johnson","KY",428,2
21117,"Kenton","KY",3085,51
21119,"Knott","KY",381,6
21121,"Knox","KY",937,10
21123,"Larue","KY",333,1
21125,"Laurel","KY",1633,8
21127,"Lawrence","KY",178,0
21129,"Lee","KY",189,7
21131,"Leslie","KY",149,1
21133,"Letcher","KY",329,2
21135,"Lewis","KY",340,17
21137,"Lincoln","KY",373,19
21139,"Livingston","KY",141,1
21141,"Logan","KY",847,31
21143,"Lyon","KY",123,4
21151,"Madison","KY",2500,14
21153,"Magoffin","KY",221,0
21155,"Marion","KY",552,10
21157,"Marshall","KY",549,7
21159,"Martin","KY",245,3
21161,"Mason","KY",201,2
21145,"McCracken","KY",1346,12
21147,"McCreary","KY",278,1
21149,"McLean","KY",226,4
21163,"Meade","KY",427,4
21165,"Menifee","KY",96,1
21167,"Mercer","KY",403,6
21169,"Metcalfe","KY",220,2
21171,"Monroe","KY",373,5
21173,"Montgomery","KY",595,7
21175,"Morgan","KY",159,0
21177,"Muhlenberg","KY",1004,16
21179,"Nelson","KY",1129,4
21181,"Nicholas","KY",123,3
21183,"Ohio","KY",639,11
21185,"Oldham","KY",1536,26
21187,"Owen","KY",130,3
21189,"Owsley","KY",103,1
21191,"Pendleton","KY",145,0
21193,"Perry","KY",594,9
21195,"Pike","KY",1081,5
21197,"Powell","KY",165,0
21199,"Pulaski","KY",1038,13
21201,"Robertson","KY",40,1
21203,"Rockcastle","KY",389,2
21205,"Rowan","KY",412,2
21207,"Russell","KY",407,7
21209,"Scott","KY",1230,20
21211,"Shelby","KY",1576,25
21213,"Simpson","KY",383,8
21215,"Spencer","KY",347,1
21217,"Taylor","KY",545,7
21219,"Todd","KY",309,12
21221,"Trigg","KY",271,0
21223,"Trimble","KY",105,0
90021,"Unassigned","KY",0,0
21225,"Union","KY",532,6
21227,"Warren","KY",5551,58
21229,"Washington","KY",282,2
21231,"Wayne","KY",310,2
21233,"Webster","KY",362,5
21235,"Whitley","KY",936,8
21237,"Wolfe","KY",82,0
21239,"Woodford","KY",432,0
22001,"Acadia","LA",3291,103
22003,"Allen","LA",1872,64
22005,"Ascension","LA",4338,100
22007,"Assumption","LA",814,24
22009,"Avoyelles","LA",1774,62
22011,"Beauregard","LA",1092,41
22013,"Bienville","LA",633,35
22015,"Bossier","LA",4446,123
22017,"Caddo","LA",10469,402
22019,"Calcasieu","LA",8544,230
22021,"Caldwell","LA",384,3
22023,"Cameron","LA",252,2
22025,"Catahoula","LA",466,15
22027,"Claiborne","LA",621,26
22029,"Concordia","LA",633,16
22031,"De Soto","LA",1054,35
22033,"East Baton Rouge","LA",16467,459
22035,"East Carroll","LA",594,6
22037,"East Feliciana","LA",1805,78
22039,"Evangeline","LA",1430,40
22041,"Franklin","LA",1379,47
22043,"Grant","LA",550,30
22045,"Iberia","LA",3112,97
22047,"Iberville","LA",1506,61
22049,"Jackson","LA",879,24
22051,"Jefferson","LA",18934,589
22053,"Jefferson Davis","LA",1370,44
22059,"LaSalle","LA",529,10
22055,"Lafayette","LA",9600,140
22057,"Lafourche","LA",3936,131
22061,"Lincoln","LA",1731,52
22063,"Livingston","LA",4295,80
22065,"Madison","LA",898,9
22067,"Morehouse","LA",912,28
22069,"Natchitoches","LA",1536,32
22071,"Orleans","LA",13623,597
22073,"Ouachita","LA",7224,168
80022,"Out of LA","LA",0,0
22075,"Plaquemines","LA",909,19
22077,"Pointe Coupee","LA",1151,42
22079,"Rapides","LA",4828,161
22081,"Red River","LA",463,24
22083,"Richland","LA",923,18
22085,"Sabine","LA",1035,15
22087,"St. Bernard","LA",1565,32
22089,"St. Charles","LA",1975,64
22091,"St. Helena","LA",448,4
22093,"St. James","LA",850,40
22095,"St. John the Baptist","LA",1672,108
22097,"St. Landry","LA",3745,137
22099,"St. Martin","LA",2283,64
22101,"St. Mary","LA",2044,87
22103,"St. Tammany","LA",7849,272
22105,"Tangipahoa","LA",5091,127
22107,"Tensas","LA",189,2
22109,"Terrebonne","LA",3902,126
90022,"Unassigned","LA",306,214
22111,"Union","LA",1131,53
22113,"Vermilion","LA",2147,70
22115,"Vernon","LA",1136,56
22117,"Washington","LA",1764,72
22119,"Webster","LA",1530,41
22121,"West Baton Rouge","LA",980,42
22123,"West Carroll","LA",387,13
22125,"West Feliciana","LA",765,25
22127,"Winn","LA",708,20
23001,"Androscoggin","ME",893,11
23003,"Aroostook","ME",68,1
23005,"Cumberland","ME",2706,70
23007,"Franklin","ME",96,1
23009,"Hancock","ME",77,1
23011,"Kennebec","ME",379,11
23013,"Knox","ME",108,1
23015,"Lincoln","ME",70,1
80023,"Out of ME","ME",0,0
23017,"Oxford","ME",183,2
23019,"Penobscot","ME",324,6
23021,"Piscataquis","ME",11,0
23023,"Sagadahoc","ME",89,0
23025,"Somerset","ME",220,8
90023,"Unassigned","ME",0,0
23027,"Waldo","ME",157,14
23029,"Washington","ME",77,0
23031,"York","ME",1467,21
24001,"Allegany","MD",845,24
24003,"Anne Arundel","MD",12448,282
24005,"Baltimore","MD",21479,676
24510,"Baltimore City","MD",18292,508
24009,"Calvert","MD",1224,29
24011,"Caroline","MD",767,8
24013,"Carroll","MD",2330,130
24015,"Cecil","MD",1398,36
24017,"Charles","MD",3273,102
24019,"Dorchester","MD",835,12
24021,"Frederick","MD",4951,140
24023,"Garrett","MD",161,1
24025,"Harford","MD",3768,82
24027,"Howard","MD",6059,128
24029,"Kent","MD",349,25
24031,"Montgomery","MD",26398,876
24033,"Prince George's","MD",33488,863
24035,"Queen Anne's","MD",812,26
24039,"Somerset","MD",454,6
24037,"St. Mary's","MD",1515,60
24041,"Talbot","MD",662,6
90024,"Unassigned","MD",0,12
24043,"Washington","MD",2404,47
24045,"Wicomico","MD",2601,52
24047,"Worcester","MD",1253,31
25001,"Barnstable","MA",2065,164
25003,"Berkshire","MA",808,44
25005,"Bristol","MA",13010,649
NA,"Dukes and Nantucket",NA,266,2
25009,"Essex","MA",24724,1201
25011,"Franklin","MA",487,52
25013,"Hampden","MA",10523,711
25015,"Hampshire","MA",1537,125
25017,"Middlesex","MA",33119,2010
25021,"Norfolk","MA",12222,967
25023,"Plymouth","MA",11747,722
25025,"Suffolk","MA",29269,1044
90025,"Unassigned","MA",4607,3
25027,"Worcester","MA",17201,1002
26001,"Alcona","MI",59,3
26003,"Alger","MI",130,1
26005,"Allegan","MI",1644,7
26007,"Alpena","MI",192,14
26009,"Antrim","MI",155,0
26011,"Arenac","MI",121,3
26013,"Baraga","MI",141,4
26015,"Barry","MI",908,6
26017,"Bay","MI",1762,66
26019,"Benzie","MI",161,2
26021,"Berrien","MI",3165,89
26023,"Branch","MI",1046,12
26025,"Calhoun","MI",3521,72
26027,"Cass","MI",1178,24
26029,"Charlevoix","MI",249,4
26031,"Cheboygan","MI",212,3
26033,"Chippewa","MI",209,0
26035,"Clare","MI",346,14
26037,"Clinton","MI",1380,16
26039,"Crawford","MI",168,5
26041,"Delta","MI",1456,40
26043,"Dickinson","MI",833,21
26045,"Eaton","MI",1390,12
26047,"Emmet","MI",422,5
NA,"Federal Correctional Institution (FCI)",NA,197,5
26049,"Genesee","MI",7712,347
26051,"Gladwin","MI",260,3
26053,"Gogebic","MI",488,14
26055,"Grand Traverse","MI",923,13
26057,"Gratiot","MI",660,17
26059,"Hillsdale","MI",633,29
26061,"Houghton","MI",1029,9
26063,"Huron","MI",321,7
26065,"Ingham","MI",5079,70
26067,"Ionia","MI",895,8
26069,"Iosco","MI",338,17
26071,"Iron","MI",495,27
26073,"Isabella","MI",1203,15
26075,"Jackson","MI",2148,70
26077,"Kalamazoo","MI",5501,118
26079,"Kalkaska","MI",161,4
26081,"Kent","MI",17036,193
26083,"Keweenaw","MI",25,0
26085,"Lake","MI",79,1
26087,"Lapeer","MI",1052,38
26089,"Leelanau","MI",172,2
26091,"Lenawee","MI",1263,20
26093,"Livingston","MI",2487,35
26095,"Luce","MI",86,0
26097,"Mackinac","MI",179,0
26099,"Macomb","MI",20637,1102
26101,"Manistee","MI",171,3
26103,"Marquette","MI",1348,18
26105,"Mason","MI",318,3
26107,"Mecosta","MI",681,4
26109,"Menominee","MI",821,7
NA,"Michigan Department of Corrections (MDOC)",NA,7061,75
26111,"Midland","MI",1311,14
26113,"Missaukee","MI",120,1
26115,"Monroe","MI",2341,44
26117,"Montcalm","MI",851,13
26119,"Montmorency","MI",39,0
26121,"Muskegon","MI",2846,86
26123,"Newaygo","MI",774,3
26125,"Oakland","MI",27839,1244
26127,"Oceana","MI",704,6
26129,"Ogemaw","MI",153,5
26131,"Ontonagon","MI",145,1
26133,"Osceola","MI",227,1
26135,"Oscoda","MI",64,2
26137,"Otsego","MI",317,12
26139,"Ottawa","MI",6249,82
80026,"Out of MI","MI",372,4
26141,"Presque Isle","MI",90,1
26143,"Roscommon","MI",235,6
26145,"Saginaw","MI",4482,159
26151,"Sanilac","MI",265,7
26153,"Schoolcraft","MI",109,1
26155,"Shiawassee","MI",868,34
26147,"St. Clair","MI",1853,66
26149,"St. Joseph","MI",1478,25
26157,"Tuscola","MI",783,37
90026,"Unassigned","MI",30,0
26159,"Van Buren","MI",1338,20
26161,"Washtenaw","MI",6008,121
26163,"Wayne","MI",43349,3065
26165,"Wexford","MI",216,4
27001,"Aitkin","MN",249,4
27003,"Anoka","MN",10514,161
27005,"Becker","MN",741,4
27007,"Beltrami","MN",1034,11
27009,"Benton","MN",1211,15
27011,"Big Stone","MN",187,1
27013,"Blue Earth","MN",2254,7
27015,"Brown","MN",422,3
27017,"Carlton","MN",629,3
27019,"Carver","MN",2056,9
27021,"Cass","MN",507,5
27023,"Chippewa","MN",507,3
27025,"Chisago","MN",1405,2
27027,"Clay","MN",2762,46
27029,"Clearwater","MN",167,1
27031,"Cook","MN",27,0
27033,"Cottonwood","MN",329,0
27035,"Crow Wing","MN",1399,22
27037,"Dakota","MN",11184,141
27039,"Dodge","MN",450,0
27041,"Douglas","MN",899,5
27043,"Faribault","MN",277,0
27045,"Fillmore","MN",311,0
27047,"Freeborn","MN",780,5
27049,"Goodhue","MN",797,13
27051,"Grant","MN",118,5
27053,"Hennepin","MN",38272,1006
27055,"Houston","MN",269,2
27057,"Hubbard","MN",535,5
27059,"Isanti","MN",689,7
27061,"Itasca","MN",896,17
27063,"Jackson","MN",248,1
27065,"Kanabec","MN",258,10
27067,"Kandiyohi","MN",1988,5
27069,"Kittson","MN",78,0
27071,"Koochiching","MN",187,5
27073,"Lac qui Parle","MN",158,3
27075,"Lake","MN",151,0
27077,"Lake of the Woods","MN",55,1
27079,"Le Sueur","MN",722,6
27081,"Lincoln","MN",212,0
27083,"Lyon","MN",1100,6
27087,"Mahnomen","MN",140,2
27089,"Marshall","MN",204,1
27091,"Martin","MN",659,18
27085,"McLeod","MN",699,4
27093,"Meeker","MN",398,4
27095,"Mille Lacs","MN",538,21
27097,"Morrison","MN",974,9
27099,"Mower","MN",1597,20
27101,"Murray","MN",321,3
27103,"Nicollet","MN",829,18
27105,"Nobles","MN",2475,20
27107,"Norman","MN",155,0
27109,"Olmsted","MN",3735,30
27111,"Otter Tail","MN",1080,8
27113,"Pennington","MN",240,2
27115,"Pine","MN",643,1
27117,"Pipestone","MN",397,17
27119,"Polk","MN",1070,6
27121,"Pope","MN",187,0
27123,"Ramsey","MN",15853,384
27125,"Red Lake","MN",95,2
27127,"Redwood","MN",340,12
27129,"Renville","MN",319,13
27131,"Rice","MN",1823,12
27133,"Rock","MN",402,6
27135,"Roseau","MN",412,0
27139,"Scott","MN",4013,37
27141,"Sherburne","MN",2140,24
27143,"Sibley","MN",295,3
27137,"St. Louis","MN",3618,75
27145,"Stearns","MN",6946,53
27147,"Steele","MN",874,4
27149,"Stevens","MN",211,1
27151,"Swift","MN",256,2
27153,"Todd","MN",1023,7
27155,"Traverse","MN",63,0
90027,"Unassigned","MN",244,54
27157,"Wabasha","MN",459,1
27159,"Wadena","MN",318,4
27161,"Waseca","MN",967,10
27163,"Washington","MN",7340,75
27165,"Watonwan","MN",602,4
27167,"Wilkin","MN",155,4
27169,"Winona","MN",1463,19
27171,"Wright","MN",3145,16
27173,"Yellow Medicine","MN",345,7
28001,"Adams","MS",1137,45
28003,"Alcorn","MS",1138,13
28005,"Amite","MS",438,13
28007,"Attala","MS",823,27
28009,"Benton","MS",383,11
28011,"Bolivar","MS",2076,81
28013,"Calhoun","MS",643,13
28015,"Carroll","MS",535,12
28017,"Chickasaw","MS",884,31
28019,"Choctaw","MS",219,7
28021,"Claiborne","MS",545,16
28023,"Clarke","MS",796,53
28025,"Clay","MS",735,22
28027,"Coahoma","MS",1293,37
28029,"Copiah","MS",1415,38
28031,"Covington","MS",1021,31
28033,"DeSoto","MS",7691,82
28035,"Forrest","MS",3180,81
28037,"Franklin","MS",259,3
28039,"George","MS",1044,20
28041,"Greene","MS",491,18
28043,"Grenada","MS",1252,41
28045,"Hancock","MS",917,31
28047,"Harrison","MS",5681,91
28049,"Hinds","MS",8239,181
28051,"Holmes","MS",1158,60
28053,"Humphreys","MS",473,18
28055,"Issaquena","MS",107,4
28057,"Itawamba","MS",1215,29
28059,"Jackson","MS",5024,99
28061,"Jasper","MS",714,19
28063,"Jefferson","MS",287,11
28065,"Jefferson Davis","MS",429,13
28067,"Jones","MS",3042,84
28069,"Kemper","MS",338,15
28071,"Lafayette","MS",2628,43
28073,"Lamar","MS",2400,40
28075,"Lauderdale","MS",2679,135
28077,"Lawrence","MS",578,14
28079,"Leake","MS",1188,42
28081,"Lee","MS",3783,84
28083,"Leflore","MS",1779,88
28085,"Lincoln","MS",1484,61
28087,"Lowndes","MS",1878,62
28089,"Madison","MS",3930,94
28091,"Marion","MS",984,45
28093,"Marshall","MS",1595,34
28095,"Monroe","MS",1595,75
28097,"Montgomery","MS",578,23
28099,"Neshoba","MS",1913,111
28101,"Newton","MS",887,28
28103,"Noxubee","MS",609,17
28105,"Oktibbeha","MS",2092,57
28107,"Panola","MS",1754,41
28109,"Pearl River","MS",1215,61
28111,"Perry","MS",545,23
28113,"Pike","MS",1428,56
28115,"Pontotoc","MS",1576,21
28117,"Prentiss","MS",1124,20
28119,"Quitman","MS",426,7
28121,"Rankin","MS",4218,88
28123,"Scott","MS",1306,29
28125,"Sharkey","MS",292,15
28127,"Simpson","MS",1269,50
28129,"Smith","MS",618,16
28131,"Stone","MS",519,14
28133,"Sunflower","MS",1696,52
28135,"Tallahatchie","MS",873,26
28137,"Tate","MS",1286,39
28139,"Tippah","MS",986,25
28141,"Tishomingo","MS",852,41
28143,"Tunica","MS",546,17
90028,"Unassigned","MS",0,0
28145,"Union","MS",1287,25
28147,"Walthall","MS",651,27
28149,"Warren","MS",1584,56
28151,"Washington","MS",2694,100
28153,"Wayne","MS",1044,22
28155,"Webster","MS",386,13
28157,"Wilkinson","MS",349,21
28159,"Winston","MS",889,22
28161,"Yalobusha","MS",582,19
28163,"Yazoo","MS",1312,35
29001,"Adair","MO",592,0
29003,"Andrew","MO",489,8
29005,"Atchison","MO",91,1
29007,"Audrain","MO",680,11
29009,"Barry","MO",960,10
29011,"Barton","MO",455,4
29013,"Bates","MO",276,8
29015,"Benton","MO",513,7
29017,"Bollinger","MO",567,3
29019,"Boone","MO",6513,15
29021,"Buchanan","MO",3163,44
29023,"Butler","MO",1423,8
29025,"Caldwell","MO",197,1
29027,"Callaway","MO",1563,7
29029,"Camden","MO",1717,36
29031,"Cape Girardeau","MO",2934,55
29033,"Carroll","MO",228,4
29035,"Carter","MO",195,3
29037,"Cass","MO",2285,32
29039,"Cedar","MO",262,4
29041,"Chariton","MO",76,0
29043,"Christian","MO",2534,17
29045,"Clark","MO",137,1
29047,"Clay","MO",2841,49
29049,"Clinton","MO",574,25
29051,"Cole","MO",3591,26
29053,"Cooper","MO",698,4
29055,"Crawford","MO",722,9
29057,"Dade","MO",155,1
29059,"Dallas","MO",414,2
29061,"Daviess","MO",237,4
29063,"DeKalb","MO",352,3
29065,"Dent","MO",284,4
29067,"Douglas","MO",312,13
29069,"Dunklin","MO",1222,13
29071,"Franklin","MO",3022,50
29073,"Gasconade","MO",303,24
29075,"Gentry","MO",212,10
29077,"Greene","MO",9856,142
29079,"Grundy","MO",288,11
29081,"Harrison","MO",203,1
29083,"Henry","MO",469,8
29085,"Hickory","MO",261,4
29087,"Holt","MO",131,1
29089,"Howard","MO",277,2
29091,"Howell","MO",1301,14
29093,"Iron","MO",123,0
29095,"Jackson","MO",10893,142
29097,"Jasper","MO",5625,77
29099,"Jefferson","MO",6239,90
29101,"Johnson","MO",1626,10
NA,"Kansas City",NA,15738,222
29103,"Knox","MO",70,1
29105,"Laclede","MO",1284,23
29107,"Lafayette","MO",953,26
29109,"Lawrence","MO",1239,24
29111,"Lewis","MO",244,2
29113,"Lincoln","MO",1349,5
29115,"Linn","MO",179,7
29117,"Livingston","MO",591,9
29121,"Macon","MO",258,1
29123,"Madison","MO",553,3
29125,"Maries","MO",230,1
29127,"Marion","MO",1065,14
29119,"McDonald","MO",1266,12
29129,"Mercer","MO",37,0
29131,"Miller","MO",1004,15
29133,"Mississippi","MO",487,6
29135,"Moniteau","MO",727,12
29137,"Monroe","MO",198,2
29139,"Montgomery","MO",202,1
29141,"Morgan","MO",771,8
29143,"New Madrid","MO",850,23
29145,"Newton","MO",2192,22
29147,"Nodaway","MO",1303,11
29149,"Oregon","MO",254,0
29151,"Osage","MO",582,3
29153,"Ozark","MO",230,1
29155,"Pemiscot","MO",781,14
29157,"Perry","MO",900,8
29159,"Pettis","MO",1855,24
29161,"Phelps","MO",953,30
29163,"Pike","MO",409,8
29165,"Platte","MO",1083,13
29167,"Polk","MO",1100,11
29169,"Pulaski","MO",1095,11
29171,"Putnam","MO",61,1
29173,"Ralls","MO",223,0
29175,"Randolph","MO",698,3
29177,"Ray","MO",340,2
29179,"Reynolds","MO",97,1
29181,"Ripley","MO",300,4
29195,"Saline","MO",1050,11
29197,"Schuyler","MO",51,0
29199,"Scotland","MO",84,1
29201,"Scott","MO",1600,27
29203,"Shannon","MO",277,5
29205,"Shelby","MO",112,1
29183,"St. Charles","MO",11998,157
29185,"St. Clair","MO",133,1
29187,"St. Francois","MO",3178,29
29189,"St. Louis","MO",32801,894
29510,"St. Louis City","MO",9519,245
29186,"Ste. Genevieve","MO",519,2
29207,"Stoddard","MO",972,15
29209,"Stone","MO",779,11
29211,"Sullivan","MO",393,3
29213,"Taney","MO",1928,35
29215,"Texas","MO",656,3
90029,"Unassigned","MO",7312,0
29217,"Vernon","MO",385,3
29219,"Warren","MO",689,2
29221,"Washington","MO",754,20
29223,"Wayne","MO",344,3
29225,"Webster","MO",1266,17
29227,"Worth","MO",37,0
29229,"Wright","MO",627,8
30001,"Beaverhead","MT",308,1
30003,"Big Horn","MT",1431,39
30005,"Blaine","MT",385,7
30007,"Broadwater","MT",94,0
30009,"Carbon","MT",284,1
30011,"Carter","MT",77,2
30013,"Cascade","MT",2374,16
30015,"Chouteau","MT",126,0
30017,"Custer","MT",367,5
30019,"Daniels","MT",49,3
30021,"Dawson","MT",296,4
30023,"Deer Lodge","MT",492,3
30025,"Fallon","MT",96,0
30027,"Fergus","MT",270,2
30029,"Flathead","MT",3750,27
30031,"Gallatin","MT",3743,9
30033,"Garfield","MT",30,0
30035,"Glacier","MT",1049,16
30037,"Golden Valley","MT",16,0
30039,"Granite","MT",74,0
30041,"Hill","MT",934,20
30043,"Jefferson","MT",197,0
30045,"Judith Basin","MT",18,0
30047,"Lake","MT",656,7
30049,"Lewis and Clark","MT",1173,6
30051,"Liberty","MT",38,0
30053,"Lincoln","MT",343,6
30057,"Madison","MT",214,1
30055,"McCone","MT",68,0
30059,"Meagher","MT",91,5
30061,"Mineral","MT",17,0
30063,"Missoula","MT",2534,23
30065,"Musselshell","MT",130,2
30067,"Park","MT",295,0
30069,"Petroleum","MT",4,0
30071,"Phillips","MT",196,1
30073,"Pondera","MT",196,1
30075,"Powder River","MT",67,5
30077,"Powell","MT",198,0
30079,"Prairie","MT",33,0
30081,"Ravalli","MT",577,4
30083,"Richland","MT",365,6
30085,"Roosevelt","MT",1043,30
30087,"Rosebud","MT",870,21
30089,"Sanders","MT",113,2
30091,"Sheridan","MT",93,0
30093,"Silver Bow","MT",699,5
30095,"Stillwater","MT",248,3
30097,"Sweet Grass","MT",110,2
30099,"Teton","MT",94,1
30101,"Toole","MT",430,8
30103,"Treasure","MT",24,1
90030,"Unassigned","MT",0,0
30105,"Valley","MT",401,5
30107,"Wheatland","MT",74,3
30109,"Wibaux","MT",45,0
30111,"Yellowstone","MT",7260,96
31001,"Adams","NE",955,15
31003,"Antelope","NE",187,1
31005,"Arthur","NE",5,0
31007,"Banner","NE",4,0
31009,"Blaine","NE",4,0
31011,"Boone","NE",177,0
31013,"Box Butte","NE",283,1
31015,"Boyd","NE",82,0
31017,"Brown","NE",86,0
31019,"Buffalo","NE",2066,19
31021,"Burt","NE",172,1
31023,"Butler","NE",317,2
31025,"Cass","NE",633,4
31027,"Cedar","NE",171,0
31029,"Chase","NE",167,0
31031,"Cherry","NE",83,4
31033,"Cheyenne","NE",138,0
31035,"Clay","NE",209,1
31037,"Colfax","NE",987,7
31039,"Cuming","NE",338,3
31041,"Custer","NE",262,5
31043,"Dakota","NE",2628,49
31045,"Dawes","NE",273,5
31047,"Dawson","NE",1386,15
31049,"Deuel","NE",15,0
31051,"Dixon","NE",179,2
31053,"Dodge","NE",1847,21
31055,"Douglas","NE",24260,233
31057,"Dundy","NE",33,1
31059,"Fillmore","NE",134,2
31061,"Franklin","NE",102,0
31063,"Frontier","NE",48,0
31065,"Furnas","NE",123,3
31067,"Gage","NE",624,5
31069,"Garden","NE",49,0
31071,"Garfield","NE",37,0
31073,"Gosper","NE",67,0
31075,"Grant","NE",5,0
31077,"Greeley","NE",52,0
31079,"Hall","NE",2857,52
31081,"Hamilton","NE",263,12
31083,"Harlan","NE",68,0
31085,"Hayes","NE",27,0
31087,"Hitchcock","NE",56,0
31089,"Holt","NE",340,5
31091,"Hooker","NE",25,1
31093,"Howard","NE",182,5
31095,"Jefferson","NE",113,0
31097,"Johnson","NE",121,0
31099,"Kearney","NE",270,0
31101,"Keith","NE",125,0
31103,"Keya Paha","NE",9,0
31105,"Kimball","NE",76,0
31107,"Knox","NE",301,1
31109,"Lancaster","NE",9913,47
31111,"Lincoln","NE",1090,8
31113,"Logan","NE",13,0
31115,"Loup","NE",8,0
31119,"Madison","NE",1621,11
31117,"McPherson","NE",10,0
31121,"Merrick","NE",173,1
31123,"Morrill","NE",142,0
31125,"Nance","NE",127,0
31127,"Nemaha","NE",184,0
31129,"Nuckolls","NE",118,0
31131,"Otoe","NE",351,1
31133,"Pawnee","NE",35,0
31135,"Perkins","NE",52,10
31137,"Phelps","NE",331,2
31139,"Pierce","NE",249,11
31141,"Platte","NE",1845,7
31143,"Polk","NE",212,6
31145,"Red Willow","NE",297,0
31147,"Richardson","NE",136,2
31149,"Rock","NE",61,1
31151,"Saline","NE",1015,2
31153,"Sarpy","NE",6534,39
31155,"Saunders","NE",755,4
31157,"Scotts Bluff","NE",1134,9
31159,"Seward","NE",451,3
31161,"Sheridan","NE",148,0
31163,"Sherman","NE",71,3
31165,"Sioux","NE",12,0
31167,"Stanton","NE",91,0
31169,"Thayer","NE",78,0
31171,"Thomas","NE",15,0
31173,"Thurston","NE",369,4
90031,"Unassigned","NE",586,2
31175,"Valley","NE",98,1
31177,"Washington","NE",580,7
31179,"Wayne","NE",402,2
31181,"Webster","NE",128,0
31183,"Wheeler","NE",5,0
31185,"York","NE",599,2
32510,"Carson City","NV",821,9
32001,"Churchill","NV",271,4
32003,"Clark","NV",84129,1540
32005,"Douglas","NV",436,1
32007,"Elko","NV",1582,14
32009,"Esmeralda","NV",0,0
32011,"Eureka","NV",14,0
32013,"Humboldt","NV",186,4
32015,"Lander","NV",115,4
32017,"Lincoln","NV",49,0
32019,"Lyon","NV",635,13
32021,"Mineral","NV",18,0
32023,"Nye","NV",734,16
32027,"Pershing","NV",24,0
32029,"Storey","NV",24,0
90032,"Unassigned","NV",0,0
32031,"Washoe","NV",13860,201
32033,"White Pine","NV",127,1
33001,"Belknap","NH",259,5
33003,"Carroll","NH",163,2
33005,"Cheshire","NH",214,3
33007,"Coos","NH",116,0
33009,"Grafton","NH",269,1
33011,"Hillsborough","NH",5682,323
33013,"Merrimack","NH",979,29
33015,"Rockingham","NH",2824,105
33017,"Strafford","NH",807,14
33019,"Sullivan","NH",99,1
90033,"Unassigned","NH",4,0
34001,"Atlantic","NJ",6272,266
34003,"Bergen","NJ",27075,2064
34005,"Burlington","NJ",9325,519
34007,"Camden","NJ",12906,637
34009,"Cape May","NJ",1847,101
34011,"Cumberland","NJ",4410,162
34013,"Essex","NJ",26808,2148
34015,"Gloucester","NJ",6324,249
34017,"Hudson","NJ",25019,1534
34019,"Hunterdon","NJ",1793,127
34021,"Mercer","NJ",9776,641
34023,"Middlesex","NJ",23859,1450
34025,"Monmouth","NJ",15357,873
34027,"Morris","NJ",10361,839
34029,"Ocean","NJ",18074,1073
34031,"Passaic","NJ",22281,1263
34033,"Salem","NJ",1280,89
34035,"Somerset","NJ",7330,595
34037,"Sussex","NJ",1903,197
90034,"Unassigned","NJ",550,0
34039,"Union","NJ",22354,1373
34041,"Warren","NJ",1753,171
35001,"Bernalillo","NM",12362,214
35003,"Catron","NM",10,1
35005,"Chaves","NM",2287,20
35006,"Cibola","NM",694,25
35007,"Colfax","NM",48,1
35009,"Curry","NM",1730,12
35011,"De Baca","NM",3,0
35013,"Dona Ana","NM",7299,86
35015,"Eddy","NM",1610,24
35017,"Grant","NM",215,4
35019,"Guadalupe","NM",47,1
35021,"Harding","NM",1,0
35023,"Hidalgo","NM",127,2
35025,"Lea","NM",2318,32
35027,"Lincoln","NM",405,6
35028,"Los Alamos","NM",53,0
35029,"Luna","NM",1215,12
35031,"McKinley","NM",4822,262
35033,"Mora","NM",15,0
35035,"Otero","NM",589,17
35037,"Quay","NM",114,2
35039,"Rio Arriba","NM",558,15
35041,"Roosevelt","NM",532,10
35045,"San Juan","NM",3914,205
35047,"San Miguel","NM",203,0
35043,"Sandoval","NM",2202,49
35049,"Santa Fe","NM",2058,15
35051,"Sierra","NM",138,1
35053,"Socorro","NM",282,15
35055,"Taos","NM",273,5
35057,"Torrance","NM",120,1
90035,"Unassigned","NM",1830,0
35059,"Union","NM",46,2
35061,"Valencia","NM",1120,6
36001,"Albany","NY",3802,140
36003,"Allegany","NY",374,19
36005,"Bronx","NY",58091,4997
36007,"Broome","NY",3789,108
36009,"Cattaraugus","NY",562,19
36011,"Cayuga","NY",465,4
36013,"Chautauqua","NY",1040,14
36015,"Chemung","NY",1923,19
36017,"Chenango","NY",430,7
36019,"Clinton","NY",279,5
36021,"Columbia","NY",745,52
36023,"Cortland","NY",598,1
36025,"Delaware","NY",197,7
36027,"Dutchess","NY",5612,166
36029,"Erie","NY",13748,717
36031,"Essex","NY",207,14
36033,"Franklin","NY",96,1
36035,"Fulton","NY",368,28
36037,"Genesee","NY",420,6
36039,"Greene","NY",518,18
36041,"Hamilton","NY",19,1
36043,"Herkimer","NY",414,10
36045,"Jefferson","NY",237,1
36047,"Kings","NY",78168,7409
36049,"Lewis","NY",155,5
36051,"Livingston","NY",359,8
36053,"Madison","NY",601,17
36055,"Monroe","NY",7923,300
36057,"Montgomery","NY",281,9
36059,"Nassau","NY",50602,2216
36061,"New York","NY",35859,3200
36063,"Niagara","NY",2166,102
36065,"Oneida","NY",2896,130
36067,"Onondaga","NY",5881,212
36069,"Ontario","NY",736,35
36071,"Orange","NY",13998,507
36073,"Orleans","NY",418,55
36075,"Oswego","NY",669,4
36077,"Otsego","NY",422,5
80036,"Out of NY","NY",0,113
36079,"Putnam","NY",1874,64
36081,"Queens","NY",79670,7298
36083,"Rensselaer","NY",1135,43
36085,"Richmond","NY",17943,1097
36087,"Rockland","NY",18466,514
36091,"Saratoga","NY",1448,17
36093,"Schenectady","NY",1644,50
36095,"Schoharie","NY",116,2
36097,"Schuyler","NY",159,3
36099,"Seneca","NY",154,3
36089,"St. Lawrence","NY",436,5
36101,"Steuben","NY",1131,71
36103,"Suffolk","NY",49780,2021
36105,"Sullivan","NY",1837,48
36107,"Tioga","NY",732,34
36109,"Tompkins","NY",660,0
36111,"Ulster","NY",2568,95
90036,"Unassigned","NY",0,20
36113,"Warren","NY",470,33
36115,"Washington","NY",356,14
36117,"Wayne","NY",588,5
36119,"Westchester","NY",41226,1473
36121,"Wyoming","NY",216,5
36123,"Yates","NY",145,7
37001,"Alamance","NC",5464,88
37003,"Alexander","NC",1009,10
37005,"Alleghany","NC",326,1
37007,"Anson","NC",742,11
37009,"Ashe","NC",507,3
37011,"Avery","NC",666,2
37013,"Beaufort","NC",1450,46
37015,"Bertie","NC",740,21
37017,"Bladen","NC",1106,19
37019,"Brunswick","NC",2271,52
37021,"Buncombe","NC",4360,109
37023,"Burke","NC",2840,52
37025,"Cabarrus","NC",5153,95
37027,"Caldwell","NC",2744,19
37029,"Camden","NC",144,3
37031,"Carteret","NC",1232,5
37033,"Caswell","NC",657,5
37035,"Catawba","NC",4847,62
37037,"Chatham","NC",1996,61
37039,"Cherokee","NC",794,15
37041,"Chowan","NC",544,13
37043,"Clay","NC",248,3
37045,"Cleveland","NC",3403,87
37047,"Columbus","NC",1796,63
37049,"Craven","NC",2465,62
37051,"Cumberland","NC",7397,102
37053,"Currituck","NC",232,4
37055,"Dare","NC",396,3
37057,"Davidson","NC",3910,44
37059,"Davie","NC",803,8
37061,"Duplin","NC",2886,54
37063,"Durham","NC",9369,102
37065,"Edgecombe","NC",2094,61
37067,"Forsyth","NC",9336,121
37069,"Franklin","NC",1510,32
37071,"Gaston","NC",7970,141
37073,"Gates","NC",170,3
37075,"Graham","NC",253,8
37077,"Granville","NC",2138,51
37079,"Greene","NC",980,15
37081,"Guilford","NC",12173,211
37083,"Halifax","NC",1511,28
37085,"Harnett","NC",3088,72
37087,"Haywood","NC",766,36
37089,"Henderson","NC",2596,67
37091,"Hertford","NC",870,35
37093,"Hoke","NC",1608,25
37095,"Hyde","NC",177,5
37097,"Iredell","NC",4035,34
37099,"Jackson","NC",1134,7
37101,"Johnston","NC",5926,66
37103,"Jones","NC",203,15
37105,"Lee","NC",2173,22
37107,"Lenoir","NC",1556,42
37109,"Lincoln","NC",2588,16
37113,"Macon","NC",778,7
37115,"Madison","NC",309,5
37117,"Martin","NC",680,20
37111,"McDowell","NC",1392,33
37119,"Mecklenburg","NC",35076,398
37121,"Mitchell","NC",257,4
37123,"Montgomery","NC",1223,38
37125,"Moore","NC",2335,46
37127,"Nash","NC",3612,83
37129,"New Hanover","NC",5517,40
37131,"Northampton","NC",594,22
37133,"Onslow","NC",3615,32
37135,"Orange","NC",3191,59
37137,"Pamlico","NC",331,3
37139,"Pasquotank","NC",908,35
37141,"Pender","NC",1470,17
37143,"Perquimans","NC",264,4
37145,"Person","NC",730,10
37147,"Pitt","NC",6372,41
37149,"Polk","NC",409,12
37151,"Randolph","NC",4055,66
37153,"Richmond","NC",1480,31
37155,"Robeson","NC",6258,97
37157,"Rockingham","NC",2202,19
37159,"Rowan","NC",4320,119
37161,"Rutherford","NC",1821,64
37163,"Sampson","NC",2896,31
37165,"Scotland","NC",1682,29
37167,"Stanly","NC",2488,74
37169,"Stokes","NC",730,13
37171,"Surry","NC",2021,35
37173,"Swain","NC",302,5
37175,"Transylvania","NC",441,9
37177,"Tyrrell","NC",132,3
90037,"Unassigned","NC",1,0
37179,"Union","NC",6163,65
37181,"Vance","NC",1254,47
37183,"Wake","NC",22120,277
37185,"Warren","NC",497,7
37187,"Washington","NC",273,8
37189,"Watauga","NC",1447,6
37191,"Wayne","NC",4804,88
37193,"Wilkes","NC",1900,41
37195,"Wilson","NC",3210,64
37197,"Yadkin","NC",1118,11
37199,"Yancey","NC",347,2
38001,"Adams","ND",102,0
38003,"Barnes","ND",433,1
38005,"Benson","ND",565,11
38007,"Billings","ND",35,0
38009,"Bottineau","ND",368,17
38011,"Bowman","ND",204,2
38013,"Burke","ND",98,1
38015,"Burleigh","ND",7908,83
38017,"Cass","ND",10582,89
38019,"Cavalier","ND",165,1
38021,"Dickey","ND",364,9
38023,"Divide","ND",84,1
38025,"Dunn","ND",223,6
38027,"Eddy","ND",240,3
38029,"Emmons","ND",296,9
38031,"Foster","ND",211,2
38033,"Golden Valley","ND",125,0
38035,"Grand Forks","ND",5142,22
38037,"Grant","ND",90,4
38039,"Griggs","ND",120,1
38041,"Hettinger","ND",141,2
38043,"Kidder","ND",121,2
38045,"LaMoure","ND",243,12
38047,"Logan","ND",141,3
38049,"McHenry","ND",255,14
38051,"McIntosh","ND",192,5
38053,"McKenzie","ND",623,4
38055,"McLean","ND",681,11
38057,"Mercer","ND",554,3
38059,"Morton","ND",2695,55
38061,"Mountrail","ND",616,9
38063,"Nelson","ND",190,3
38065,"Oliver","ND",97,2
38067,"Pembina","ND",283,0
38069,"Pierce","ND",162,2
38071,"Ramsey","ND",647,4
38073,"Ransom","ND",255,3
38075,"Renville","ND",123,2
38077,"Richland","ND",608,4
38079,"Rolette","ND",605,10
38081,"Sargent","ND",150,3
38083,"Sheridan","ND",62,1
38085,"Sioux","ND",285,5
38087,"Slope","ND",15,0
38089,"Stark","ND",2520,35
38091,"Steele","ND",67,1
38093,"Stutsman","ND",1228,10
38095,"Towner","ND",132,6
38097,"Traill","ND",415,5
38099,"Walsh","ND",751,2
38101,"Ward","ND",3976,56
38103,"Wells","ND",226,1
38105,"Williams","ND",2188,18
69,"",NA,96,2
39001,"Adams","OH",290,8
39003,"Allen","OH",2715,77
39005,"Ashland","OH",529,17
39007,"Ashtabula","OH",927,41
39009,"Athens","OH",1402,7
39011,"Auglaize","OH",1341,25
39013,"Belmont","OH",927,25
39015,"Brown","OH",499,6
39017,"Butler","OH",9836,155
39019,"Carroll","OH",268,10
39021,"Champaign","OH",495,4
39023,"Clark","OH",3069,82
39025,"Clermont","OH",3064,45
39027,"Clinton","OH",629,10
39029,"Columbiana","OH",2315,93
39031,"Coshocton","OH",443,13
39033,"Crawford","OH",631,21
39035,"Cuyahoga","OH",22268,674
39037,"Darke","OH",1344,44
39039,"Defiance","OH",667,11
39041,"Delaware","OH",3312,26
39043,"Erie","OH",1297,42
39045,"Fairfield","OH",3190,60
39047,"Fayette","OH",522,9
39049,"Franklin","OH",35292,587
39051,"Fulton","OH",691,20
39053,"Gallia","OH",350,11
39055,"Geauga","OH",1023,51
39057,"Greene","OH",2972,55
39059,"Guernsey","OH",471,11
39061,"Hamilton","OH",19564,366
39063,"Hancock","OH",1349,32
39065,"Hardin","OH",439,14
39067,"Harrison","OH",99,4
39069,"Henry","OH",617,22
39071,"Highland","OH",619,14
39073,"Hocking","OH",285,14
39075,"Holmes","OH",1006,23
39077,"Huron","OH",797,16
39079,"Jackson","OH",561,9
39081,"Jefferson","OH",573,7
39083,"Knox","OH",540,18
39085,"Lake","OH",2580,65
39087,"Lawrence","OH",1131,25
39089,"Licking","OH",3168,71
39091,"Logan","OH",583,7
39093,"Lorain","OH",3239,101
39095,"Lucas","OH",9360,373
39097,"Madison","OH",1148,17
39099,"Mahoning","OH",4243,279
39101,"Marion","OH",3624,41
39103,"Medina","OH",2318,57
39105,"Meigs","OH",242,13
39107,"Mercer","OH",1806,31
39109,"Miami","OH",2467,63
39111,"Monroe","OH",208,17
39113,"Montgomery","OH",12561,243
39115,"Morgan","OH",107,1
39117,"Morrow","OH",495,3
39119,"Muskingum","OH",1138,15
39121,"Noble","OH",260,2
39123,"Ottawa","OH",690,32
39125,"Paulding","OH",328,6
39127,"Perry","OH",443,12
39129,"Pickaway","OH",3275,44
39131,"Pike","OH",406,2
39133,"Portage","OH",2005,63
39135,"Preble","OH",828,21
39137,"Putnam","OH",1443,41
39139,"Richland","OH",1709,30
39141,"Ross","OH",1690,60
39143,"Sandusky","OH",863,24
39145,"Scioto","OH",1110,13
39147,"Seneca","OH",788,19
39149,"Shelby","OH",1109,16
39151,"Stark","OH",4700,200
39153,"Summit","OH",7843,242
39155,"Trumbull","OH",2649,122
39157,"Tuscarawas","OH",1650,44
90039,"Unassigned","OH",0,0
39159,"Union","OH",945,7
39161,"Van Wert","OH",381,6
39163,"Vinton","OH",139,5
39165,"Warren","OH",5084,76
39167,"Washington","OH",492,26
39169,"Wayne","OH",1956,71
39171,"Williams","OH",479,6
39173,"Wood","OH",2881,79
39175,"Wyandot","OH",346,9
40001,"Adair","OK",873,12
40003,"Alfalfa","OK",139,0
40005,"Atoka","OK",481,1
40007,"Beaver","OK",103,1
40009,"Beckham","OK",964,12
40011,"Blaine","OK",229,1
40013,"Bryan","OK",1743,14
40015,"Caddo","OK",1203,26
40017,"Canadian","OK",4289,24
40019,"Carter","OK",949,10
40021,"Cherokee","OK",1463,8
40023,"Choctaw","OK",495,2
40025,"Cimarron","OK",41,0
40027,"Cleveland","OK",8826,106
40029,"Coal","OK",123,0
40031,"Comanche","OK",2685,20
40033,"Cotton","OK",114,3
40035,"Craig","OK",662,2
40037,"Creek","OK",1691,39
40039,"Custer","OK",1142,7
40041,"Delaware","OK",1346,29
40043,"Dewey","OK",95,1
40045,"Ellis","OK",31,0
40047,"Garfield","OK",2574,29
40049,"Garvin","OK",806,8
40051,"Grady","OK",1706,17
40053,"Grant","OK",120,2
40055,"Greer","OK",161,8
40057,"Harmon","OK",80,0
40059,"Harper","OK",81,2
40061,"Haskell","OK",420,5
40063,"Hughes","OK",436,7
40065,"Jackson","OK",1204,14
40067,"Jefferson","OK",93,0
40069,"Johnston","OK",322,4
40071,"Kay","OK",946,16
40073,"Kingfisher","OK",604,5
40075,"Kiowa","OK",197,3
40077,"Latimer","OK",234,3
40079,"Le Flore","OK",1779,24
40081,"Lincoln","OK",859,22
40083,"Logan","OK",913,2
40085,"Love","OK",301,1
40093,"Major","OK",212,2
40095,"Marshall","OK",323,2
40097,"Mayes","OK",1038,16
40087,"McClain","OK",1445,15
40089,"McCurtain","OK",1720,41
40091,"McIntosh","OK",549,11
40099,"Murray","OK",344,3
40101,"Muskogee","OK",2510,28
40103,"Noble","OK",213,3
40105,"Nowata","OK",279,4
40107,"Okfuskee","OK",608,8
40109,"Oklahoma","OK",25315,235
40111,"Okmulgee","OK",1339,14
40113,"Osage","OK",1443,15
40115,"Ottawa","OK",1312,21
80040,"Out of OK","OK",0,0
40117,"Pawnee","OK",355,5
40119,"Payne","OK",2929,14
40121,"Pittsburg","OK",1323,21
40123,"Pontotoc","OK",936,5
40125,"Pottawatomie","OK",2375,16
40127,"Pushmataha","OK",310,6
40129,"Roger Mills","OK",94,4
40131,"Rogers","OK",2657,55
40133,"Seminole","OK",883,7
40135,"Sequoyah","OK",1323,14
40137,"Stephens","OK",834,9
40139,"Texas","OK",1860,10
40141,"Tillman","OK",166,4
40143,"Tulsa","OK",23153,218
90040,"Unassigned","OK",16,0
40145,"Wagoner","OK",2019,31
40147,"Washington","OK",1414,42
40149,"Washita","OK",195,0
40151,"Woods","OK",194,0
40153,"Woodward","OK",1317,6
41001,"Baker","OR",152,3
41003,"Benton","OR",474,6
41005,"Clackamas","OR",3535,69
41007,"Clatsop","OR",268,0
41009,"Columbia","OR",285,2
41011,"Coos","OR",273,1
41013,"Crook","OR",118,4
41015,"Curry","OR",66,2
41017,"Deschutes","OR",1308,13
41019,"Douglas","OR",400,8
41021,"Gilliam","OR",17,0
41023,"Grant","OR",18,0
41025,"Harney","OR",39,0
41027,"Hood River","OR",291,1
41029,"Jackson","OR",1998,7
41031,"Jefferson","OR",613,11
41033,"Josephine","OR",279,4
41035,"Klamath","OR",444,3
41037,"Lake","OR",47,0
41039,"Lane","OR",2633,28
41041,"Lincoln","OR",522,13
41043,"Linn","OR",923,17
41045,"Malheur","OR",2008,38
41047,"Marion","OR",6375,114
41049,"Morrow","OR",560,7
41051,"Multnomah","OR",10139,175
41053,"Polk","OR",719,15
41055,"Sherman","OR",23,0
41057,"Tillamook","OR",80,0
41059,"Umatilla","OR",3509,45
90041,"Unassigned","OR",0,0
41061,"Union","OR",503,2
41063,"Wallowa","OR",58,2
41065,"Wasco","OR",368,16
41067,"Washington","OR",6356,80
41069,"Wheeler","OR",1,0
41071,"Yamhill","OR",1058,15
42001,"Adams","PA",1240,31
42003,"Allegheny","PA",16237,423
42005,"Armstrong","PA",827,22
42007,"Beaver","PA",2379,142
42009,"Bedford","PA",499,9
42011,"Berks","PA",9886,427
42013,"Blair","PA",1591,32
42015,"Bradford","PA",994,15
42017,"Bucks","PA",10529,627
42019,"Butler","PA",2007,28
42021,"Cambria","PA",1334,9
42023,"Cameron","PA",14,0
42025,"Carbon","PA",641,31
42027,"Centre","PA",4468,19
42029,"Chester","PA",8321,380
42031,"Clarion","PA",271,4
42033,"Clearfield","PA",521,7
42035,"Clinton","PA",293,7
42037,"Columbia","PA",1098,43
42039,"Crawford","PA",626,3
42041,"Cumberland","PA",2636,82
42043,"Dauphin","PA",5144,196
42045,"Delaware","PA",14106,771
42047,"Elk","PA",222,2
42049,"Erie","PA",2361,40
42051,"Fayette","PA",1111,15
42053,"Forest","PA",19,1
42055,"Franklin","PA",2437,57
42057,"Fulton","PA",103,4
42059,"Greene","PA",286,1
42061,"Huntingdon","PA",1114,20
42063,"Indiana","PA",1285,17
42065,"Jefferson","PA",238,4
42067,"Juniata","PA",260,8
42069,"Lackawanna","PA",3945,220
42071,"Lancaster","PA",10189,481
42073,"Lawrence","PA",1032,36
42075,"Lebanon","PA",3324,68
42077,"Lehigh","PA",7039,366
42079,"Luzerne","PA",5737,209
42081,"Lycoming","PA",1026,32
42083,"McKean","PA",169,2
42085,"Mercer","PA",1219,27
42087,"Mifflin","PA",494,4
42089,"Monroe","PA",2114,135
42091,"Montgomery","PA",14553,896
42093,"Montour","PA",314,11
42095,"Northampton","PA",5693,315
42097,"Northumberland","PA",1646,112
42099,"Perry","PA",388,6
42101,"Philadelphia","PA",46158,1879
42103,"Pike","PA",638,23
42105,"Potter","PA",64,1
42107,"Schuylkill","PA",2269,99
42109,"Snyder","PA",526,18
42111,"Somerset","PA",503,3
42113,"Sullivan","PA",23,1
42115,"Susquehanna","PA",438,29
42117,"Tioga","PA",279,4
90042,"Unassigned","PA",0,0
42119,"Union","PA",750,11
42121,"Venango","PA",314,1
42123,"Warren","PA",78,1
42125,"Washington","PA",2251,37
42127,"Wayne","PA",302,12
42129,"Westmoreland","PA",4759,109
42131,"Wyoming","PA",188,8
42133,"York","PA",6932,208
72001,"Adjuntas",NA,203,0
72003,"Aguada",NA,472,0
72005,"Aguadilla",NA,667,0
72007,"Aguas Buenas",NA,418,0
72009,"Aibonito",NA,223,0
72011,"Anasco",NA,321,0
72013,"Arecibo",NA,1164,0
72015,"Arroyo",NA,213,0
72017,"Barceloneta",NA,343,0
72019,"Barranquitas",NA,653,0
72021,"Bayamon",NA,5258,0
72023,"Cabo Rojo",NA,557,0
72025,"Caguas",NA,2391,0
72027,"Camuy",NA,426,0
72029,"Canovanas",NA,981,0
72031,"Carolina",NA,4318,0
72033,"Catano",NA,651,0
72035,"Cayey",NA,556,0
72037,"Ceiba",NA,211,0
72039,"Ciales",NA,367,0
72041,"Cidra",NA,464,0
72043,"Coamo",NA,447,0
72045,"Comerio",NA,314,0
72047,"Corozal",NA,937,0
72049,"Culebra",NA,23,0
72051,"Dorado",NA,1197,0
72053,"Fajardo",NA,776,0
72054,"Florida",NA,410,0
72055,"Guanica",NA,179,0
72057,"Guayama",NA,394,0
72059,"Guayanilla",NA,273,0
72061,"Guaynabo",NA,2443,0
72063,"Gurabo",NA,818,0
72065,"Hatillo",NA,466,0
72067,"Hormigueros",NA,227,0
72069,"Humacao",NA,840,0
72071,"Isabela",NA,419,0
72073,"Jayuya",NA,301,0
72075,"Juana Diaz",NA,481,0
72077,"Juncos",NA,627,0
72079,"Lajas",NA,227,0
72081,"Lares",NA,483,0
72083,"Las Marias",NA,131,0
72085,"Las Piedras",NA,736,0
72087,"Loiza",NA,399,0
72089,"Luquillo",NA,346,0
72091,"Manati",NA,801,0
72093,"Maricao",NA,97,0
72095,"Maunabo",NA,177,0
72097,"Mayaguez",NA,1047,0
72099,"Moca",NA,509,0
72101,"Morovis",NA,644,0
72103,"Naguabo",NA,405,0
72105,"Naranjito",NA,881,0
72107,"Orocovis",NA,444,0
72888,"Out of PR",NA,804,0
72109,"Patillas",NA,217,0
72111,"Penuelas",NA,165,0
72113,"Ponce",NA,1361,0
72115,"Quebradillas",NA,291,0
72117,"Rincon",NA,246,0
72119,"Rio Grande",NA,909,0
72121,"Sabana Grande",NA,247,0
72123,"Salinas",NA,585,0
72125,"San German",NA,348,0
72127,"San Juan",NA,10953,0
72129,"San Lorenzo",NA,756,0
72131,"San Sebastian",NA,816,0
72133,"Santa Isabel",NA,293,0
72135,"Toa Alta",NA,1885,0
72137,"Toa Baja",NA,2122,0
72139,"Trujillo Alto",NA,1687,0
72999,"Unassigned",NA,1376,842
72141,"Utuado",NA,289,0
72143,"Vega Alta",NA,1039,0
72145,"Vega Baja",NA,1293,0
72147,"Vieques",NA,107,0
72149,"Villalba",NA,280,0
72151,"Yabucoa",NA,499,0
72153,"Yauco",NA,619,0
NA,"",NA,0,0
44001,"Bristol","RI",558,19
44003,"Kent","RI",2566,121
44005,"Newport","RI",678,10
44007,"Providence","RI",23320,951
90044,"Unassigned","RI",6086,48
44009,"Washington","RI",1335,78
45001,"Abbeville","SC",808,18
45003,"Aiken","SC",5210,87
45005,"Allendale","SC",426,7
45007,"Anderson","SC",6150,209
45009,"Bamberg","SC",699,34
45011,"Barnwell","SC",894,25
45013,"Beaufort","SC",6261,93
45015,"Berkeley","SC",6292,95
45017,"Calhoun","SC",515,18
45019,"Charleston","SC",17596,283
45021,"Cherokee","SC",1589,53
45023,"Chester","SC",1285,28
45025,"Chesterfield","SC",1532,46
45027,"Clarendon","SC",1207,68
45029,"Colleton","SC",1313,49
45031,"Darlington","SC",2584,67
45033,"Dillon","SC",1361,48
45035,"Dorchester","SC",4946,103
45037,"Edgefield","SC",953,22
45039,"Fairfield","SC",886,40
45041,"Florence","SC",5771,204
45043,"Georgetown","SC",2436,56
45045,"Greenville","SC",18437,359
45047,"Greenwood","SC",2627,77
45049,"Hampton","SC",776,31
45051,"Horry","SC",12743,235
45053,"Jasper","SC",949,23
45055,"Kershaw","SC",2588,51
45057,"Lancaster","SC",2693,62
45059,"Laurens","SC",1982,62
45061,"Lee","SC",796,36
45063,"Lexington","SC",9388,214
45067,"Marion","SC",1187,45
45069,"Marlboro","SC",1173,14
45065,"McCormick","SC",284,7
45071,"Newberry","SC",1723,56
45073,"Oconee","SC",2577,34
45075,"Orangeburg","SC",3419,131
45077,"Pickens","SC",4757,68
45079,"Richland","SC",17788,276
45081,"Saluda","SC",743,25
45083,"Spartanburg","SC",9523,241
45085,"Sumter","SC",3644,91
90045,"Unassigned","SC",0,0
45087,"Union","SC",807,20
45089,"Williamsburg","SC",1481,50
45091,"York","SC",7153,107
46003,"Aurora","SD",215,0
46005,"Beadle","SD",1434,15
46007,"Bennett","SD",225,5
46009,"Bon Homme","SD",1086,1
46011,"Brookings","SD",1590,7
46013,"Brown","SD",2313,6
46015,"Brule","SD",334,2
46017,"Buffalo","SD",277,4
46019,"Butte","SD",440,3
46021,"Campbell","SD",84,1
46023,"Charles Mix","SD",453,1
46025,"Clark","SD",151,1
46027,"Clay","SD",896,8
46029,"Codington","SD",1735,15
46031,"Corson","SD",241,2
46033,"Custer","SD",345,3
46035,"Davison","SD",1189,10
46037,"Day","SD",183,2
46039,"Deuel","SD",205,1
46041,"Dewey","SD",427,1
46043,"Douglas","SD",185,5
46045,"Edmunds","SD",162,1
46047,"Fall River","SD",238,6
46049,"Faulk","SD",228,2
46051,"Grant","SD",334,3
46053,"Gregory","SD",261,10
46055,"Haakon","SD",105,2
46057,"Hamlin","SD",234,0
46059,"Hand","SD",158,1
46061,"Hanson","SD",114,1
46063,"Harding","SD",62,0
46065,"Hughes","SD",943,8
46067,"Hutchinson","SD",261,2
46069,"Hyde","SD",53,0
46071,"Jackson","SD",141,3
46073,"Jerauld","SD",170,13
46075,"Jones","SD",37,0
46077,"Kingsbury","SD",232,2
46079,"Lake","SD",464,9
46081,"Lawrence","SD",1115,7
46083,"Lincoln","SD",3292,22
46085,"Lyman","SD",296,6
46091,"Marshall","SD",69,1
46087,"McCook","SD",315,1
46089,"McPherson","SD",73,0
46093,"Meade","SD",1076,10
46095,"Mellette","SD",98,1
46097,"Miner","SD",149,2
46099,"Minnehaha","SD",12985,115
46101,"Moody","SD",252,3
46102,"Oglala Lakota","SD",1089,9
46103,"Pennington","SD",5049,49
46105,"Perkins","SD",82,0
46107,"Potter","SD",143,0
46109,"Roberts","SD",402,6
46111,"Sanborn","SD",123,1
46115,"Spink","SD",334,1
46117,"Stanley","SD",102,0
46119,"Sully","SD",48,0
46121,"Todd","SD",529,6
46123,"Tripp","SD",293,2
46125,"Turner","SD",546,18
90046,"Unassigned","SD",0,0
46127,"Union","SD",820,12
46129,"Walworth","SD",289,10
46135,"Yankton","SD",969,6
46137,"Ziebach","SD",111,2
47001,"Anderson","TN",1914,16
47003,"Bedford","TN",1883,23
47005,"Benton","TN",463,10
47007,"Bledsoe","TN",1063,4
47009,"Blount","TN",3705,43
47011,"Bradley","TN",3804,24
47013,"Campbell","TN",1145,14
47015,"Cannon","TN",467,2
47017,"Carroll","TN",1202,28
47019,"Carter","TN",1835,37
47021,"Cheatham","TN",1130,12
47023,"Chester","TN",774,17
47025,"Claiborne","TN",548,8
47027,"Clay","TN",445,16
47029,"Cocke","TN",1215,18
47031,"Coffee","TN",2083,30
47033,"Crockett","TN",959,23
47035,"Cumberland","TN",1774,28
47037,"Davidson","TN",33293,355
47041,"DeKalb","TN",764,18
47039,"Decatur","TN",698,11
47043,"Dickson","TN",1879,21
47045,"Dyer","TN",2471,38
47047,"Fayette","TN",1801,29
47049,"Fentress","TN",983,13
47051,"Franklin","TN",1393,26
47053,"Gibson","TN",2271,49
47055,"Giles","TN",1067,38
47057,"Grainger","TN",711,4
47059,"Greene","TN",2057,57
47061,"Grundy","TN",642,14
47063,"Hamblen","TN",2608,50
47065,"Hamilton","TN",12546,113
47067,"Hancock","TN",135,3
47069,"Hardeman","TN",1965,33
47071,"Hardin","TN",1455,23
47073,"Hawkins","TN",1338,30
47075,"Haywood","TN",1368,28
47077,"Henderson","TN",1456,27
47079,"Henry","TN",917,13
47081,"Hickman","TN",866,15
47083,"Houston","TN",451,18
47085,"Humphreys","TN",492,6
47087,"Jackson","TN",508,7
47089,"Jefferson","TN",1648,24
47091,"Johnson","TN",1231,10
47093,"Knox","TN",14182,100
47095,"Lake","TN",1003,4
47097,"Lauderdale","TN",1534,18
47099,"Lawrence","TN",1822,24
47101,"Lewis","TN",519,6
47103,"Lincoln","TN",1026,5
47105,"Loudon","TN",1709,13
47111,"Macon","TN",1423,26
47113,"Madison","TN",3997,85
47115,"Marion","TN",871,14
47117,"Marshall","TN",1249,12
47119,"Maury","TN",3835,39
47107,"McMinn","TN",1809,41
47109,"McNairy","TN",1170,30
47121,"Meigs","TN",351,8
47123,"Monroe","TN",1561,31
47125,"Montgomery","TN",4541,63
47127,"Moore","TN",301,2
47129,"Morgan","TN",479,7
47131,"Obion","TN",1920,28
80047,"Out of TN","TN",3109,38
47133,"Overton","TN",1328,26
47135,"Perry","TN",355,10
47137,"Pickett","TN",304,9
47139,"Polk","TN",540,13
47141,"Putnam","TN",4610,64
47143,"Rhea","TN",1209,23
47145,"Roane","TN",1540,9
47147,"Robertson","TN",2756,43
47149,"Rutherford","TN",12855,117
47151,"Scott","TN",454,5
47153,"Sequatchie","TN",377,3
47155,"Sevier","TN",3584,24
47157,"Shelby","TN",38076,578
47159,"Smith","TN",1062,14
47161,"Stewart","TN",365,13
47163,"Sullivan","TN",4296,58
47165,"Sumner","TN",6645,120
47167,"Tipton","TN",2554,24
47169,"Trousdale","TN",1797,10
90047,"Unassigned","TN",1802,6
47171,"Unicoi","TN",532,7
47173,"Union","TN",566,4
47175,"Van Buren","TN",229,2
47177,"Warren","TN",1591,11
47179,"Washington","TN",4084,67
47181,"Wayne","TN",1646,7
47183,"Weakley","TN",1667,27
47185,"White","TN",1295,15
47187,"Williamson","TN",7672,59
47189,"Wilson","TN",5126,66
48001,"Anderson","TX",2774,39
48003,"Andrews","TX",433,10
48005,"Angelina","TX",1958,93
48007,"Aransas","TX",347,18
48009,"Archer","TX",192,1
48011,"Armstrong","TX",43,1
48013,"Atascosa","TX",1444,37
48015,"Austin","TX",543,10
48017,"Bailey","TX",381,5
48019,"Bandera","TX",209,8
48021,"Bastrop","TX",2066,33
48023,"Baylor","TX",85,3
48025,"Bee","TX",2448,39
48027,"Bell","TX",6383,101
48029,"Bexar","TX",67187,1415
48031,"Blanco","TX",135,6
48033,"Borden","TX",9,0
48035,"Bosque","TX",426,12
48037,"Bowie","TX",2232,79
48039,"Brazoria","TX",13256,186
48041,"Brazos","TX",7331,76
48043,"Brewster","TX",287,5
48045,"Briscoe","TX",46,1
48047,"Brooks","TX",415,23
48049,"Brown","TX",703,28
48051,"Burleson","TX",467,6
48053,"Burnet","TX",1108,15
48055,"Caldwell","TX",1506,37
48057,"Calhoun","TX",911,9
48059,"Callahan","TX",207,6
48061,"Cameron","TX",26520,1085
48063,"Camp","TX",332,13
48065,"Carson","TX",102,1
48067,"Cass","TX",653,25
48069,"Castro","TX",426,7
48071,"Chambers","TX",847,10
48073,"Cherokee","TX",1354,38
48075,"Childress","TX",165,0
48077,"Clay","TX",145,3
48079,"Cochran","TX",144,2
48081,"Coke","TX",129,7
48083,"Coleman","TX",118,4
48085,"Collin","TX",15848,190
48087,"Collingsworth","TX",28,0
48089,"Colorado","TX",528,4
48091,"Comal","TX",3635,106
48093,"Comanche","TX",367,5
48095,"Concho","TX",159,2
48097,"Cooke","TX",701,9
48099,"Coryell","TX",2386,14
48101,"Cottle","TX",55,3
48103,"Crane","TX",165,4
48105,"Crockett","TX",180,7
48107,"Crosby","TX",245,8
48109,"Culberson","TX",127,3
48111,"Dallam","TX",439,10
48113,"Dallas","TX",93988,1391
48115,"Dawson","TX",586,19
48123,"DeWitt","TX",887,44
48117,"Deaf Smith","TX",1402,27
48119,"Delta","TX",47,0
48121,"Denton","TX",13700,178
48125,"Dickens","TX",80,2
48127,"Dimmit","TX",291,8
48129,"Donley","TX",115,1
48131,"Duval","TX",504,21
48133,"Eastland","TX",329,8
48135,"Ector","TX",5006,121
48137,"Edwards","TX",73,2
48141,"El Paso","TX",34428,649
48139,"Ellis","TX",4733,83
48143,"Erath","TX",1078,17
48145,"Falls","TX",651,6
48147,"Fannin","TX",828,20
48149,"Fayette","TX",591,23
48151,"Fisher","TX",120,4
48153,"Floyd","TX",300,9
48155,"Foard","TX",19,1
48157,"Fort Bend","TX",21938,311
48159,"Franklin","TX",227,7
48161,"Freestone","TX",513,5
48163,"Frio","TX",945,9
48165,"Gaines","TX",243,12
48167,"Galveston","TX",11368,169
48169,"Garza","TX",195,8
48171,"Gillespie","TX",404,10
48173,"Glasscock","TX",25,0
48175,"Goliad","TX",233,6
48177,"Gonzales","TX",1085,20
48179,"Gray","TX",633,10
48181,"Grayson","TX",2842,76
48183,"Gregg","TX",1755,88
48185,"Grimes","TX",1143,36
48187,"Guadalupe","TX",4050,81
48189,"Hale","TX",904,64
48191,"Hall","TX",71,1
48193,"Hamilton","TX",195,6
48195,"Hansford","TX",307,6
48197,"Hardeman","TX",93,3
48199,"Hardin","TX",1003,35
48201,"Harris","TX",205902,2823
48203,"Harrison","TX",1203,39
48205,"Hartley","TX",210,0
48207,"Haskell","TX",127,3
48209,"Hays","TX",6786,89
48211,"Hemphill","TX",182,1
48213,"Henderson","TX",797,36
48215,"Hidalgo","TX",43052,1961
48217,"Hill","TX",891,16
48219,"Hockley","TX",1035,22
48221,"Hood","TX",1341,41
48223,"Hopkins","TX",702,41
48225,"Houston","TX",463,14
48227,"Howard","TX",1603,21
48229,"Hudspeth","TX",241,3
48231,"Hunt","TX",1030,48
48233,"Hutchinson","TX",682,7
48235,"Irion","TX",22,0
48237,"Jack","TX",136,3
48239,"Jackson","TX",645,16
48241,"Jasper","TX",936,34
48243,"Jeff Davis","TX",28,0
48245,"Jefferson","TX",6902,156
48247,"Jim Hogg","TX",194,6
48249,"Jim Wells","TX",1983,52
48251,"Johnson","TX",3781,67
48253,"Jones","TX",1119,3
48255,"Karnes","TX",951,18
48257,"Kaufman","TX",3587,59
48259,"Kendall","TX",639,11
48261,"Kenedy","TX",12,2
48263,"Kent","TX",16,0
48265,"Kerr","TX",765,14
48267,"Kimble","TX",70,2
48269,"King","TX",7,0
48271,"Kinney","TX",77,1
48273,"Kleberg","TX",1138,53
48275,"Knox","TX",117,9
48283,"La Salle","TX",478,13
48277,"Lamar","TX",369,49
48279,"Lamb","TX",756,24
48281,"Lampasas","TX",353,9
48285,"Lavaca","TX",1130,39
48287,"Lee","TX",347,15
48289,"Leon","TX",391,12
48291,"Liberty","TX",2660,59
48293,"Limestone","TX",621,16
48295,"Lipscomb","TX",82,1
48297,"Live Oak","TX",356,10
48299,"Llano","TX",183,3
48301,"Loving","TX",1,0
48303,"Lubbock","TX",14431,201
48305,"Lynn","TX",146,6
48313,"Madison","TX",849,8
48315,"Marion","TX",155,14
48317,"Martin","TX",135,7
48319,"Mason","TX",98,2
48321,"Matagorda","TX",1147,54
48323,"Maverick","TX",3412,151
48307,"McCulloch","TX",234,5
48309,"McLennan","TX",5375,147
48311,"McMullen","TX",28,1
48325,"Medina","TX",1517,49
48327,"Menard","TX",79,0
48329,"Midland","TX",4591,98
48331,"Milam","TX",345,8
48333,"Mills","TX",81,1
48335,"Mitchell","TX",669,2
48337,"Montague","TX",323,6
48339,"Montgomery","TX",13721,183
48341,"Moore","TX",1597,22
48343,"Morris","TX",235,5
48345,"Motley","TX",19,0
48347,"Nacogdoches","TX",2184,72
48349,"Navarro","TX",2080,34
48351,"Newton","TX",164,14
48353,"Nolan","TX",340,7
48355,"Nueces","TX",14545,449
48357,"Ochiltree","TX",399,5
48359,"Oldham","TX",56,2
48361,"Orange","TX",1174,47
48363,"Palo Pinto","TX",798,21
48365,"Panola","TX",582,30
48367,"Parker","TX",2576,52
48369,"Parmer","TX",724,19
48371,"Pecos","TX",554,8
48373,"Polk","TX",1517,39
48375,"Potter","TX",9669,277
48377,"Presidio","TX",185,7
48379,"Rains","TX",47,5
48381,"Randall","TX",4942,59
48383,"Reagan","TX",116,6
48385,"Real","TX",118,8
48387,"Red River","TX",180,17
48389,"Reeves","TX",443,7
48391,"Refugio","TX",323,16
48393,"Roberts","TX",16,0
48395,"Robertson","TX",431,4
48397,"Rockwall","TX",2227,33
48399,"Runnels","TX",342,9
48401,"Rusk","TX",1199,28
48403,"Sabine","TX",112,9
48405,"San Augustine","TX",145,15
48407,"San Jacinto","TX",489,13
48409,"San Patricio","TX",1815,81
48411,"San Saba","TX",146,4
48413,"Schleicher","TX",71,2
48415,"Scurry","TX",660,16
48417,"Shackelford","TX",61,0
48419,"Shelby","TX",703,31
48421,"Sherman","TX",98,1
48423,"Smith","TX",3003,145
48425,"Somervell","TX",202,5
48427,"Starr","TX",3735,186
48429,"Stephens","TX",257,5
48431,"Sterling","TX",21,0
48433,"Stonewall","TX",28,1
48435,"Sutton","TX",125,3
48437,"Swisher","TX",290,5
48439,"Tarrant","TX",62522,1084
48441,"Taylor","TX",3755,70
48443,"Terrell","TX",8,0
48445,"Terry","TX",167,10
48447,"Throckmorton","TX",28,2
48449,"Titus","TX",1370,36
48451,"Tom Green","TX",3048,89
48453,"Travis","TX",33569,456
48455,"Trinity","TX",288,8
48457,"Tyler","TX",310,4
90048,"Unassigned","TX",7312,0
48459,"Upshur","TX",670,15
48461,"Upton","TX",56,4
48463,"Uvalde","TX",930,37
48465,"Val Verde","TX",1479,129
48467,"Van Zandt","TX",439,29
48469,"Victoria","TX",4533,98
48471,"Walker","TX",4982,62
48473,"Waller","TX",985,17
48475,"Ward","TX",227,1
48477,"Washington","TX",557,50
48479,"Webb","TX",14032,355
48481,"Wharton","TX",1481,60
48483,"Wheeler","TX",114,0
48485,"Wichita","TX",2327,52
48487,"Wilbarger","TX",447,4
48489,"Willacy","TX",1371,56
48491,"Williamson","TX",9708,156
48493,"Wilson","TX",1078,28
48495,"Winkler","TX",180,5
48497,"Wise","TX",1097,16
48499,"Wood","TX",416,41
48501,"Yoakum","TX",122,7
48503,"Young","TX",684,11
48505,"Zapata","TX",384,9
48507,"Zavala","TX",514,19
NA,"Bear River",NA,5721,19
NA,"Central Utah",NA,1443,11
49011,"Davis","UT",9266,43
49035,"Salt Lake","UT",51124,316
49037,"San Juan","UT",847,30
NA,"Southeast Utah",NA,606,6
NA,"Southwest Utah",NA,6741,57
49043,"Summit","UT",1547,1
49045,"Tooele","UT",1635,5
NA,"TriCounty",NA,597,3
90049,"Unassigned","UT",0,0
49049,"Utah","UT",31095,84
49051,"Wasatch","UT",1259,9
NA,"Weber-Morgan",NA,7494,36
50001,"Addison","VT",125,2
50003,"Bennington","VT",142,1
50005,"Caledonia","VT",48,0
50007,"Chittenden","VT",1038,39
50009,"Essex","VT",11,0
50011,"Franklin","VT",143,7
50013,"Grand Isle","VT",17,0
50015,"Lamoille","VT",63,1
50017,"Orange","VT",40,0
50019,"Orleans","VT",43,0
50021,"Rutland","VT",138,1
90050,"Unassigned","VT",9,0
50023,"Washington","VT",138,2
50025,"Windham","VT",154,3
50027,"Windsor","VT",128,2
78,"",NA,1385,22
51001,"Accomack","VA",1229,19
51003,"Albemarle","VA",1619,24
51510,"Alexandria","VA",4377,74
51005,"Alleghany","VA",154,4
51007,"Amelia","VA",151,6
51009,"Amherst","VA",633,6
51011,"Appomattox","VA",317,6
51013,"Arlington","VA",4813,154
51015,"Augusta","VA",732,9
51017,"Bath","VA",27,0
51019,"Bedford","VA",1330,18
51021,"Bland","VA",84,5
51023,"Botetourt","VA",491,13
51520,"Bristol","VA",326,7
51025,"Brunswick","VA",427,5
51027,"Buchanan","VA",278,4
51029,"Buckingham","VA",771,9
51530,"Buena Vista","VA",132,1
51031,"Campbell","VA",803,9
51033,"Caroline","VA",455,6
51035,"Carroll","VA",645,29
51036,"Charles City","VA",106,5
51037,"Charlotte","VA",227,1
51540,"Charlottesville","VA",1626,31
51550,"Chesapeake","VA",5077,80
51041,"Chesterfield","VA",7361,120
51043,"Clarke","VA",127,1
51570,"Colonial Heights","VA",319,26
51580,"Covington","VA",53,0
51045,"Craig","VA",64,0
51047,"Culpeper","VA",1416,18
51049,"Cumberland","VA",128,2
51590,"Danville","VA",1281,45
51051,"Dickenson","VA",158,1
51053,"Dinwiddie","VA",554,12
51595,"Emporia","VA",301,28
51057,"Essex","VA",201,2
51059,"Fairfax","VA",24458,604
51600,"Fairfax City","VA",165,8
51610,"Falls Church","VA",78,7
51061,"Fauquier","VA",1128,27
51063,"Floyd","VA",261,15
51065,"Fluvanna","VA",436,9
51067,"Franklin","VA",999,7
51620,"Franklin City","VA",514,13
51069,"Frederick","VA",1240,13
51630,"Fredericksburg","VA",603,6
51640,"Galax","VA",466,30
51071,"Giles","VA",153,0
51073,"Gloucester","VA",358,3
51075,"Goochland","VA",341,7
51077,"Grayson","VA",403,19
51079,"Greene","VA",300,3
51081,"Greensville","VA",911,15
51083,"Halifax","VA",565,8
51650,"Hampton","VA",2215,33
51085,"Hanover","VA",1747,44
51660,"Harrisonburg","VA",3146,35
51087,"Henrico","VA",6619,240
51089,"Henry","VA",1412,32
51091,"Highland","VA",10,0
51670,"Hopewell","VA",531,8
51093,"Isle of Wight","VA",888,26
51095,"James City","VA",981,22
51099,"King George","VA",296,5
51101,"King William","VA",217,5
51097,"King and Queen","VA",88,2
51103,"Lancaster","VA",206,1
51105,"Lee","VA",592,10
51678,"Lexington","VA",261,1
51107,"Loudoun","VA",8105,132
51109,"Louisa","VA",415,8
51111,"Lunenburg","VA",156,4
51680,"Lynchburg","VA",2118,27
51113,"Madison","VA",149,3
51683,"Manassas","VA",2066,27
51685,"Manassas Park","VA",662,8
51690,"Martinsville","VA",500,25
51115,"Mathews","VA",137,0
51117,"Mecklenburg","VA",909,35
51119,"Middlesex","VA",148,11
51121,"Montgomery","VA",3009,5
51125,"Nelson","VA",142,2
51127,"New Kent","VA",306,3
51700,"Newport News","VA",3308,51
51710,"Norfolk","VA",5563,84
51131,"Northampton","VA",320,31
51133,"Northumberland","VA",226,7
51720,"Norton","VA",54,0
51135,"Nottoway","VA",373,21
51137,"Orange","VA",433,5
51139,"Page","VA",495,31
51141,"Patrick","VA",340,27
51730,"Petersburg","VA",971,30
51143,"Pittsylvania","VA",1388,17
51735,"Poquoson","VA",104,2
51740,"Portsmouth","VA",2875,69
51145,"Powhatan","VA",324,5
51147,"Prince Edward","VA",787,13
51149,"Prince George","VA",1161,7
51153,"Prince William","VA",14768,223
51155,"Pulaski","VA",322,6
51750,"Radford","VA",977,1
51157,"Rappahannock","VA",69,2
51159,"Richmond","VA",373,4
51760,"Richmond City","VA",5521,78
51161,"Roanoke","VA",1724,15
51770,"Roanoke City","VA",3051,43
51163,"Rockbridge","VA",159,3
51165,"Rockingham","VA",1827,27
51167,"Russell","VA",543,8
51775,"Salem","VA",631,11
51169,"Scott","VA",474,7
51171,"Shenandoah","VA",1024,61
51173,"Smyth","VA",675,27
51175,"Southampton","VA",939,38
51177,"Spotsylvania","VA",2529,55
51179,"Stafford","VA",2480,22
51790,"Staunton","VA",432,4
51800,"Suffolk","VA",2364,78
51181,"Surry","VA",141,5
51183,"Sussex","VA",643,13
51185,"Tazewell","VA",572,2
90051,"Unassigned","VA",0,0
51810,"Virginia Beach","VA",8351,108
51187,"Warren","VA",634,22
51191,"Washington","VA",1122,28
51820,"Waynesboro","VA",407,4
51193,"Westmoreland","VA",353,5
51830,"Williamsburg","VA",230,8
51840,"Winchester","VA",664,4
51195,"Wise","VA",734,10
51197,"Wythe","VA",356,7
51199,"York","VA",665,9
53001,"Adams","WA",956,12
53003,"Asotin","WA",314,7
53005,"Benton","WA",5653,132
53007,"Chelan","WA",2465,22
53009,"Clallam","WA",274,1
53011,"Clark","WA",5211,92
53013,"Columbia","WA",18,1
53015,"Cowlitz","WA",866,7
53017,"Douglas","WA",1444,10
53019,"Ferry","WA",35,1
53021,"Franklin","WA",5058,68
53023,"Garfield","WA",32,1
53025,"Grant","WA",3414,26
53027,"Grays Harbor","WA",775,16
53029,"Island","WA",426,11
53031,"Jefferson","WA",90,0
53033,"King","WA",29344,808
53035,"Kitsap","WA",1637,22
53037,"Kittitas","WA",809,22
53039,"Klickitat","WA",231,2
53041,"Lewis","WA",818,14
53043,"Lincoln","WA",83,2
53045,"Mason","WA",554,10
53047,"Okanogan","WA",1178,12
53049,"Pacific","WA",124,2
53051,"Pend Oreille","WA",162,1
53053,"Pierce","WA",11001,226
53055,"San Juan","WA",35,0
53057,"Skagit","WA",1371,24
53059,"Skamania","WA",76,1
53061,"Snohomish","WA",9531,234
53063,"Spokane","WA",10289,202
53065,"Stevens","WA",316,3
53067,"Thurston","WA",1873,34
90053,"Unassigned","WA",364,3
53069,"Wahkiakum","WA",11,0
53071,"Walla Walla","WA",1346,7
53073,"Whatcom","WA",1661,44
53075,"Whitman","WA",1857,17
53077,"Yakima","WA",12425,271
54001,"Barbour","WV",191,2
54003,"Berkeley","WV",1733,18
54005,"Boone","WV",420,3
54007,"Braxton","WV",77,0
54009,"Brooke","WV",257,4
54011,"Cabell","WV",1572,30
54013,"Calhoun","WV",37,0
54015,"Clay","WV",65,3
54017,"Doddridge","WV",73,1
54019,"Fayette","WV",804,24
54021,"Gilmer","WV",65,0
54023,"Grant","WV",201,9
54025,"Greenbrier","WV",217,4
54027,"Hampshire","WV",149,1
54029,"Hancock","WV",249,1
54031,"Hardy","WV",110,1
54033,"Harrison","WV",691,13
54035,"Jackson","WV",426,24
54037,"Jefferson","WV",659,9
54039,"Kanawha","WV",3915,106
54041,"Lewis","WV",121,2
54043,"Lincoln","WV",274,2
54045,"Logan","WV",807,46
54049,"Marion","WV",433,5
54051,"Marshall","WV",467,4
54053,"Mason","WV",186,6
54047,"McDowell","WV",139,1
54055,"Mercer","WV",824,31
54057,"Mineral","WV",263,4
54059,"Mingo","WV",688,10
54061,"Monongalia","WV",2409,7
54063,"Monroe","WV",268,8
54065,"Morgan","WV",167,0
54067,"Nicholas","WV",193,3
54069,"Ohio","WV",654,9
54071,"Pendleton","WV",79,1
54073,"Pleasants","WV",36,3
54075,"Pocahontas","WV",74,0
54077,"Preston","WV",236,4
54079,"Putnam","WV",1014,13
54081,"Raleigh","WV",889,10
54083,"Randolph","WV",436,2
54085,"Ritchie","WV",61,0
54087,"Roane","WV",116,2
54089,"Summers","WV",152,1
54091,"Taylor","WV",175,8
54093,"Tucker","WV",67,0
54095,"Tyler","WV",59,1
90054,"Unassigned","WV",0,0
54097,"Upshur","WV",284,4
54099,"Wayne","WV",636,11
54101,"Webster","WV",38,0
54103,"Wetzel","WV",237,7
54105,"Wirt","WV",59,0
54107,"Wood","WV",775,8
54109,"Wyoming","WV",369,5
55001,"Adams","WI",654,6
55003,"Ashland","WI",334,3
55005,"Barron","WI",1456,8
55007,"Bayfield","WI",326,2
55009,"Brown","WI",16937,103
55011,"Buffalo","WI",361,3
55013,"Burnett","WI",361,6
55015,"Calumet","WI",3034,14
55017,"Chippewa","WI",2163,24
55019,"Clark","WI",1150,17
55021,"Columbia","WI",2165,7
55023,"Crawford","WI",419,1
55025,"Dane","WI",17372,49
55027,"Dodge","WI",5199,36
55029,"Door","WI",1060,9
55031,"Douglas","WI",893,1
55033,"Dunn","WI",1330,1
55035,"Eau Claire","WI",4267,25
55037,"Florence","WI",241,8
55039,"Fond du Lac","WI",5633,23
55041,"Forest","WI",539,11
55043,"Grant","WI",2248,38
55045,"Green","WI",1088,5
55047,"Green Lake","WI",963,4
55049,"Iowa","WI",648,2
55051,"Iron","WI",276,5
55053,"Jackson","WI",674,2
55055,"Jefferson","WI",3283,19
55057,"Juneau","WI",911,5
55059,"Kenosha","WI",6381,89
55061,"Kewaunee","WI",1251,9
55063,"La Crosse","WI",4905,23
55065,"Lafayette","WI",625,1
55067,"Langlade","WI",1156,11
55069,"Lincoln","WI",1076,13
55071,"Manitowoc","WI",3591,16
55073,"Marathon","WI",6127,64
55075,"Marinette","WI",2114,18
55077,"Marquette","WI",816,5
55078,"Menominee","WI",355,1
55079,"Milwaukee","WI",47812,599
55081,"Monroe","WI",1371,8
55083,"Oconto","WI",2447,18
55085,"Oneida","WI",1437,14
55087,"Outagamie","WI",10520,82
55089,"Ozaukee","WI",2906,25
55091,"Pepin","WI",195,0
55093,"Pierce","WI",1120,7
55095,"Polk","WI",725,3
55097,"Portage","WI",3235,22
55099,"Price","WI",446,3
55101,"Racine","WI",9448,116
55103,"Richland","WI",549,9
55105,"Rock","WI",6139,46
55107,"Rusk","WI",304,1
55111,"Sauk","WI",2165,8
55113,"Sawyer","WI",436,4
55115,"Shawano","WI",2768,32
55117,"Sheboygan","WI",5741,33
55109,"St. Croix","WI",2357,12
55119,"Taylor","WI",634,7
55121,"Trempealeau","WI",1223,5
90055,"Unassigned","WI",0,0
55123,"Vernon","WI",567,2
55125,"Vilas","WI",694,7
55127,"Walworth","WI",4022,39
55129,"Washburn","WI",291,2
55131,"Washington","WI",5443,45
55133,"Waukesha","WI",15022,129
55135,"Waupaca","WI",2985,49
55137,"Waushara","WI",1318,5
55139,"Winnebago","WI",10157,73
55141,"Wood","WI",2172,10
56001,"Albany","WY",1646,5
56003,"Big Horn","WY",268,7
56005,"Campbell","WY",1328,3
56007,"Carbon","WY",348,2
56009,"Converse","WY",356,3
56011,"Crook","WY",124,1
56013,"Fremont","WY",1588,16
56015,"Goshen","WY",201,6
56017,"Hot Springs","WY",55,0
56019,"Johnson","WY",135,2
56021,"Laramie","WY",2031,7
56023,"Lincoln","WY",386,3
56025,"Natrona","WY",1813,11
56027,"Niobrara","WY",18,0
56029,"Park","WY",744,3
56031,"Platte","WY",172,3
56033,"Sheridan","WY",871,6
56035,"Sublette","WY",194,1
56037,"Sweetwater","WY",621,2
56039,"Teton","WY",862,2
56041,"Uinta","WY",510,3
90056,"Unassigned","WY",2,0
56043,"Washakie","WY",167,7
56045,"Weston","WY",181,0
2066,"Copper River","AK",70,0
2063,"Chugach","AK",115,3
